run_id,run_key,timestamp_utc,phase,dataset_variant,split,balancer,sampler,reducer,model,model_variant,seed,train_rows,test_rows,status,error,rfe_features,tuned_parameters,reducer_metadata,decision_threshold,accuracy,precision,recall,f1,specificity,balanced_accuracy,roc_auc,pr_auc,brier_score,tp,fp,tn,fn,train_seconds,predict_seconds
4198416be8ce,,2026-09-30T09:56:20+00:00,historical_reference,deduplicated,stratified,ROS,ROS,none,PAC,previous_runner,42,76916,19230,ok,,,{},,0.5,0.8728029121164846,0.4005305039787798,0.8903301886792453,0.5525064032199049,0.8711075624500969,,0.9580986085524406,0.8015695226173956,,1510,2260,15274,186,0.5001403070000379,0.005270833000395214
b26cb98b215f,,2026-09-30T09:56:20+00:00,historical_reference,deduplicated,stratified,ROS,ROS,none,Ridge,previous_runner,42,76916,19230,ok,,,{},,0.5,0.8789911596463859,0.4126764461666205,0.879127358490566,0.5616877001318515,0.8789779856279228,,0.9574056489440461,0.798445398036948,,1491,2122,15412,205,1.2087148150003486,0.0012860990000262973
014637e16cea,,2026-09-30T09:56:20+00:00,historical_reference,deduplicated,stratified,ROS,ROS,none,SGD,previous_runner,42,76916,19230,ok,,,{},,0.5,0.7505980239209569,0.25263325885732524,0.933372641509434,0.3976387842250691,0.7329189004220372,,0.9371993879546153,0.7023791787926246,,1583,4683,12851,113,0.2980614660000356,0.002203620999807754
f5cb0455b11e,,2026-09-30T09:56:20+00:00,historical_reference,deduplicated,stratified,ROS,ROS,none,XGBoost,previous_runner,42,76916,19230,ok,,,{},,0.5,0.8950598023920957,0.4532520325203252,0.9204009433962265,0.6073929961089494,0.8926086460590852,,0.9763273268539184,0.8797677632660412,,1561,1883,15651,135,0.46709403199974986,0.02753120499983197
97c41a1a952f,,2026-09-30T09:56:20+00:00,historical_reference,deduplicated,stratified,ROS,ROS,none,LogitBoost_surrogate,previous_runner,42,76916,19230,ok,,,{},,0.5,0.9236089443577743,0.5421150278293135,0.8614386792452831,0.6654520610339331,0.9296224478156724,,0.9748418873789144,0.873276458100371,,1461,1234,16300,235,106.20224787899997,0.36961474600002475
46e55d8bcfb9,phase1:paper_faithful:ROS:none:PaRSEL:42,2026-09-30T10:26:23+00:00,phase1_baseline,paper_faithful,paper_faithful,ROS,ROS,none,PaRSEL,paper_parameters,42,79999,20001,ok,,,{},"{""reducer"": ""none"", ""legacy_metadata_unavailable"": true}",,0.9544022798860057,0.7471769134253451,0.7005882352941176,0.7231329690346083,0.9779793453909622,0.8392837903425399,0.9607418109585784,0.6470485788038713,,1191,403,17898,509,144.81751393300055,0.32334185400031856
325200c5bb33,phase1:paper_faithful:ROS:none:PAC:42,2026-09-30T10:26:23+00:00,phase1_baseline,paper_faithful,paper_faithful,ROS,ROS,none,PAC,paper_parameters,42,79999,20001,ok,,,{},,,0.88025598720064,0.4059539918809202,0.8823529411764706,0.5560704355885079,0.8800611988415934,0.881207070009032,0.9562987236313027,0.7884675729796131,,1500,2195,16106,200,0.5962007269999958,0.003789882000091893
f639bd82946f,phase1:paper_faithful:ROS:none:Ridge:42,2026-09-30T10:26:23+00:00,phase1_baseline,paper_faithful,paper_faithful,ROS,ROS,none,Ridge,paper_parameters,42,79999,20001,ok,,,{},,,0.8839558022098895,0.41353383458646614,0.8735294117647059,0.5613305613305614,0.8849243210753511,0.8792268664200285,0.9564409530819595,0.7872343220976806,,1485,2106,16195,215,1.2124267270000928,0.0012413240001478698
813c6720e832,phase1:paper_faithful:ROS:none:SGD:42,2026-09-30T10:26:23+00:00,phase1_baseline,paper_faithful,paper_faithful,ROS,ROS,none,SGD,paper_parameters,42,79999,20001,ok,,,{},,,0.8521573921303934,0.3529136438099696,0.8870588235294118,0.5049388916792231,0.8489153598164034,0.8679870916729076,0.9415095928541353,0.6377508110244005,,1508,2765,15536,192,0.2790232500001366,0.0012894769997728872
710a9d344161,phase1:paper_faithful:ROS:none:XGBoost:42,2026-09-30T10:26:23+00:00,phase1_baseline,paper_faithful,paper_faithful,ROS,ROS,none,XGBoost,paper_parameters,42,79999,20001,ok,,,{},,,0.9074546272686366,0.4765891472868217,0.9041176470588236,0.6241624365482233,0.907764603027157,0.9059411250429903,0.9742814921717552,0.8733694198304429,,1537,1688,16613,163,0.6201976479997029,0.0378992810001364
c5f9c3bc8954,phase1:paper_faithful:ROS:none:LogitBoost_surrogate:42,2026-09-30T10:26:23+00:00,phase1_baseline,paper_faithful,paper_faithful,ROS,ROS,none,LogitBoost_surrogate,paper_parameters,42,79999,20001,ok,,,{},,,0.9308534573271336,0.5609849942285494,0.8576470588235294,0.6782972784368457,0.937653680126769,0.8976503694751492,0.9745610493801368,0.8686399053731805,,1458,1141,17160,242,136.00121888400008,0.3796004610003365
70007def1f3d,phase1:paper_faithful:ROS:none:PaRSEL_tuned:42,2026-09-30T10:37:23+00:00,phase1_baseline,paper_faithful,paper_faithful,ROS,ROS,none,PaRSEL,tuned,42,79999,20001,ok,,,"{""learning_rate"": 0.1, ""max_depth"": 7, ""n_estimators"": 152}","{""reducer"": ""none"", ""legacy_metadata_unavailable"": true}",,0.9635518224088796,0.849532037437005,0.6941176470588235,0.7640012949174491,0.9885798590240971,0.8413487530414603,0.9712587708161238,0.8458178511049139,,1180,209,18092,520,334.41382779500054,0.16680988400003116
ad267128c951,phase1:paper_faithful:ROS:RFE:PaRSEL:42,2026-09-30T10:42:58+00:00,phase1_baseline,paper_faithful,paper_faithful,ROS,ROS,RFE,PaRSEL,paper_parameters,42,79999,20001,ok,,,{},"{""reducer"": ""RFE"", ""legacy_metadata_unavailable"": true}",,0.9544022798860057,0.7471769134253451,0.7005882352941176,0.7231329690346083,0.9779793453909622,0.8392837903425399,0.9607418109585784,0.6470485788038713,,1191,403,17898,509,267.6361331570006,0.20663089900062914
1fb906dd853c,phase1:paper_faithful:ROS:LDA:PaRSEL:42,2026-09-30T10:47:26+00:00,phase1_baseline,paper_faithful,paper_faithful,ROS,ROS,LDA,PaRSEL,paper_parameters,42,79999,20001,ok,,,{},"{""reducer"": ""LDA"", ""legacy_metadata_unavailable"": true}",,0.9016049197540122,0.43830570902394106,0.56,0.49173553719008267,0.9333369761215234,0.7466684880607617,0.8959306948832754,0.33630931522428453,,952,1220,17081,748,71.27346616799878,0.19841446800000995
eac6e3fbe1f7,phase1_diagnostic:paper_faithful:ROS:LDA:lda_fit_imbalanced_train:PAC:42,2026-09-30T11:04:16+00:00,phase1_lda_diagnostic,paper_faithful,paper_faithful,ROS,ROS,LDA,PAC,lda_fit_imbalanced_train,42,79999,20001,ok,,,{},"{""classifier_train_counts_after_ros"": {""0"": 73199, ""1"": 73199}, ""component_count"": 1, ""input_shape"": [79999, 8], ""lda_fit_class_counts"": {""0"": 73199, ""1"": 6800}, ""lda_fit_variant"": ""lda_fit_imbalanced_train"", ""preprocessing"": {""input_features"": [""age"", ""hypertension"", ""heart_disease"", ""bmi"", ""HbA1c_level"", ""blood_glucose_level"", ""gender"", ""smoking_history""], ""reducer"": ""none"", ""scaling"": true, ""test_has_nan"": false, ""test_shape_after_reduction"": [20001, 8], ""train_has_nan"": false, ""train_shape_after_reduction"": [79999, 8]}, ""reducer"": ""LDA"", ""scaling"": true, ""test_has_nan"": false, ""train_has_nan"": false, ""transformed_test_shape"": [20001, 1], ""transformed_train_shape"": [79999, 1]}",0.5,0.8887555622218889,0.42208370436331255,0.8364705882352941,0.5610574077727363,0.8936123709086935,0.8650414795719938,0.9500133068909767,0.7539761791453465,,1422,1947,16354,278,0.3680618320004214,0.001211398000123154
22bf7558bb12,phase1_diagnostic:paper_faithful:ROS:LDA:lda_fit_imbalanced_train:Ridge:42,2026-09-30T11:04:17+00:00,phase1_lda_diagnostic,paper_faithful,paper_faithful,ROS,ROS,LDA,Ridge,lda_fit_imbalanced_train,42,79999,20001,ok,,,{},"{""classifier_train_counts_after_ros"": {""0"": 73199, ""1"": 73199}, ""component_count"": 1, ""input_shape"": [79999, 8], ""lda_fit_class_counts"": {""0"": 73199, ""1"": 6800}, ""lda_fit_variant"": ""lda_fit_imbalanced_train"", ""preprocessing"": {""input_features"": [""age"", ""hypertension"", ""heart_disease"", ""bmi"", ""HbA1c_level"", ""blood_glucose_level"", ""gender"", ""smoking_history""], ""reducer"": ""none"", ""scaling"": true, ""test_has_nan"": false, ""test_shape_after_reduction"": [20001, 8], ""train_has_nan"": false, ""train_shape_after_reduction"": [79999, 8]}, ""reducer"": ""LDA"", ""scaling"": true, ""test_has_nan"": false, ""train_has_nan"": false, ""transformed_test_shape"": [20001, 1], ""transformed_train_shape"": [79999, 1]}",0.5,0.8989550522473876,0.44817565385857283,0.8164705882352942,0.578695017719408,0.9066171247472816,0.8615438564912878,0.9500133068909767,0.7539761791453465,,1388,1709,16592,312,0.43261236299986194,0.0009679209997557336
ab5501267aaa,phase1_diagnostic:paper_faithful:ROS:LDA:lda_fit_imbalanced_train:SGD:42,2026-09-30T11:04:17+00:00,phase1_lda_diagnostic,paper_faithful,paper_faithful,ROS,ROS,LDA,SGD,lda_fit_imbalanced_train,42,79999,20001,ok,,,{},"{""classifier_train_counts_after_ros"": {""0"": 73199, ""1"": 73199}, ""component_count"": 1, ""input_shape"": [79999, 8], ""lda_fit_class_counts"": {""0"": 73199, ""1"": 6800}, ""lda_fit_variant"": ""lda_fit_imbalanced_train"", ""preprocessing"": {""input_features"": [""age"", ""hypertension"", ""heart_disease"", ""bmi"", ""HbA1c_level"", ""blood_glucose_level"", ""gender"", ""smoking_history""], ""reducer"": ""none"", ""scaling"": true, ""test_has_nan"": false, ""test_shape_after_reduction"": [20001, 8], ""train_has_nan"": false, ""train_shape_after_reduction"": [79999, 8]}, ""reducer"": ""LDA"", ""scaling"": true, ""test_has_nan"": false, ""train_has_nan"": false, ""transformed_test_shape"": [20001, 1], ""transformed_train_shape"": [79999, 1]}",0.5,0.7717614119294035,0.2645076442544797,0.9464705882352941,0.41346524476422974,0.755532484563685,0.8510015363994896,0.9500133068909767,0.7539761791453465,,1609,4474,13827,91,0.13363128199944185,0.0008978320001915563
019487a64ef4,phase1_diagnostic:paper_faithful:ROS:LDA:lda_fit_imbalanced_train:XGBoost:42,2026-09-30T11:04:18+00:00,phase1_lda_diagnostic,paper_faithful,paper_faithful,ROS,ROS,LDA,XGBoost,lda_fit_imbalanced_train,42,79999,20001,ok,,,{},"{""classifier_train_counts_after_ros"": {""0"": 73199, ""1"": 73199}, ""component_count"": 1, ""input_shape"": [79999, 8], ""lda_fit_class_counts"": {""0"": 73199, ""1"": 6800}, ""lda_fit_variant"": ""lda_fit_imbalanced_train"", ""preprocessing"": {""input_features"": [""age"", ""hypertension"", ""heart_disease"", ""bmi"", ""HbA1c_level"", ""blood_glucose_level"", ""gender"", ""smoking_history""], ""reducer"": ""none"", ""scaling"": true, ""test_has_nan"": false, ""test_shape_after_reduction"": [20001, 8], ""train_has_nan"": false, ""train_shape_after_reduction"": [79999, 8]}, ""reducer"": ""LDA"", ""scaling"": true, ""test_has_nan"": false, ""train_has_nan"": false, ""transformed_test_shape"": [20001, 1], ""transformed_train_shape"": [79999, 1]}",0.5,0.8771561421928904,0.39644322845417235,0.8523529411764705,0.5411764705882353,0.87946013879023,0.8659065399833503,0.9496599510794975,0.7479339782856194,,1449,2206,16095,251,0.40116933900026197,0.029259791000185942
9d1461a5f48a,phase1_diagnostic:paper_faithful:ROS:LDA:lda_fit_imbalanced_train:LogitBoost_surrogate:42,2026-09-30T11:04:18+00:00,phase1_lda_diagnostic,paper_faithful,paper_faithful,ROS,ROS,LDA,LogitBoost_surrogate,lda_fit_imbalanced_train,42,79999,20001,ok,,,{},"{""classifier_train_counts_after_ros"": {""0"": 73199, ""1"": 73199}, ""component_count"": 1, ""input_shape"": [79999, 8], ""lda_fit_class_counts"": {""0"": 73199, ""1"": 6800}, ""lda_fit_variant"": ""lda_fit_imbalanced_train"", ""preprocessing"": {""input_features"": [""age"", ""hypertension"", ""heart_disease"", ""bmi"", ""HbA1c_level"", ""blood_glucose_level"", ""gender"", ""smoking_history""], ""reducer"": ""none"", ""scaling"": true, ""test_has_nan"": false, ""test_shape_after_reduction"": [20001, 8], ""train_has_nan"": false, ""train_shape_after_reduction"": [79999, 8]}, ""reducer"": ""LDA"", ""scaling"": true, ""test_has_nan"": false, ""train_has_nan"": false, ""transformed_test_shape"": [20001, 1], ""transformed_train_shape"": [79999, 1]}",0.5,0.8900054997250137,0.4235941320293399,0.8152941176470588,0.5575221238938053,0.8969455221026174,0.8561198198748381,0.9459548819254493,0.7420213843617603,,1386,1886,16415,314,72.24045772300087,0.25390621200040187
29ae4e8ac961,phase1_diagnostic:paper_faithful:ROS:LDA:lda_fit_ros_balanced_train:PAC:42,2026-09-30T11:05:31+00:00,phase1_lda_diagnostic,paper_faithful,paper_faithful,ROS,ROS,LDA,PAC,lda_fit_ros_balanced_train,42,79999,20001,ok,,,{},"{""classifier_train_counts_after_ros"": {""0"": 73199, ""1"": 73199}, ""component_count"": 1, ""input_shape"": [146398, 8], ""lda_fit_class_counts"": {""0"": 73199, ""1"": 73199}, ""lda_fit_variant"": ""lda_fit_ros_balanced_train"", ""preprocessing"": {""input_features"": [""age"", ""hypertension"", ""heart_disease"", ""bmi"", ""HbA1c_level"", ""blood_glucose_level"", ""gender"", ""smoking_history""], ""reducer"": ""none"", ""scaling"": true, ""test_has_nan"": false, ""test_shape_after_reduction"": [20001, 8], ""train_has_nan"": false, ""train_shape_after_reduction"": [79999, 8]}, ""reducer"": ""LDA"", ""scaling"": true, ""test_has_nan"": false, ""train_has_nan"": false, ""transformed_test_shape"": [20001, 1], ""transformed_train_shape"": [79999, 1]}",0.5,0.8863056847157642,0.4187889077532541,0.8705882352941177,0.565533053114253,0.887765695863614,0.8791769655788658,0.9564404388059798,0.7872327440816724,,1480,2054,16247,220,0.28130558700013353,0.0009344370000690105
2aaf5bff4849,phase1_diagnostic:paper_faithful:ROS:LDA:lda_fit_ros_balanced_train:Ridge:42,2026-09-30T11:05:31+00:00,phase1_lda_diagnostic,paper_faithful,paper_faithful,ROS,ROS,LDA,Ridge,lda_fit_ros_balanced_train,42,79999,20001,ok,,,{},"{""classifier_train_counts_after_ros"": {""0"": 73199, ""1"": 73199}, ""component_count"": 1, ""input_shape"": [146398, 8], ""lda_fit_class_counts"": {""0"": 73199, ""1"": 73199}, ""lda_fit_variant"": ""lda_fit_ros_balanced_train"", ""preprocessing"": {""input_features"": [""age"", ""hypertension"", ""heart_disease"", ""bmi"", ""HbA1c_level"", ""blood_glucose_level"", ""gender"", ""smoking_history""], ""reducer"": ""none"", ""scaling"": true, ""test_has_nan"": false, ""test_shape_after_reduction"": [20001, 8], ""train_has_nan"": false, ""train_shape_after_reduction"": [79999, 8]}, ""reducer"": ""LDA"", ""scaling"": true, ""test_has_nan"": false, ""train_has_nan"": false, ""transformed_test_shape"": [20001, 1], ""transformed_train_shape"": [79999, 1]}",0.5,0.8839558022098895,0.41353383458646614,0.8735294117647059,0.5613305613305614,0.8849243210753511,0.8792268664200285,0.9564404388059798,0.7872327440816724,,1485,2106,16195,215,0.3216452630003914,0.001232570999491145
328f013e3081,phase1_diagnostic:paper_faithful:ROS:LDA:lda_fit_ros_balanced_train:SGD:42,2026-09-30T11:05:32+00:00,phase1_lda_diagnostic,paper_faithful,paper_faithful,ROS,ROS,LDA,SGD,lda_fit_ros_balanced_train,42,79999,20001,ok,,,{},"{""classifier_train_counts_after_ros"": {""0"": 73199, ""1"": 73199}, ""component_count"": 1, ""input_shape"": [146398, 8], ""lda_fit_class_counts"": {""0"": 73199, ""1"": 73199}, ""lda_fit_variant"": ""lda_fit_ros_balanced_train"", ""preprocessing"": {""input_features"": [""age"", ""hypertension"", ""heart_disease"", ""bmi"", ""HbA1c_level"", ""blood_glucose_level"", ""gender"", ""smoking_history""], ""reducer"": ""none"", ""scaling"": true, ""test_has_nan"": false, ""test_shape_after_reduction"": [20001, 8], ""train_has_nan"": false, ""train_shape_after_reduction"": [79999, 8]}, ""reducer"": ""LDA"", ""scaling"": true, ""test_has_nan"": false, ""train_has_nan"": false, ""transformed_test_shape"": [20001, 1], ""transformed_train_shape"": [79999, 1]}",0.5,0.888255587220639,0.4232864926871236,0.8682352941176471,0.5691150954308849,0.890115294246216,0.8791752941819315,0.9564404388059798,0.7872327440816724,,1476,2011,16290,224,0.11258093100059341,0.0014840969997749198
cb4081d83e76,phase1_diagnostic:paper_faithful:ROS:LDA:lda_fit_ros_balanced_train:XGBoost:42,2026-09-30T11:05:32+00:00,phase1_lda_diagnostic,paper_faithful,paper_faithful,ROS,ROS,LDA,XGBoost,lda_fit_ros_balanced_train,42,79999,20001,ok,,,{},"{""classifier_train_counts_after_ros"": {""0"": 73199, ""1"": 73199}, ""component_count"": 1, ""input_shape"": [146398, 8], ""lda_fit_class_counts"": {""0"": 73199, ""1"": 73199}, ""lda_fit_variant"": ""lda_fit_ros_balanced_train"", ""preprocessing"": {""input_features"": [""age"", ""hypertension"", ""heart_disease"", ""bmi"", ""HbA1c_level"", ""blood_glucose_level"", ""gender"", ""smoking_history""], ""reducer"": ""none"", ""scaling"": true, ""test_has_nan"": false, ""test_shape_after_reduction"": [20001, 8], ""train_has_nan"": false, ""train_shape_after_reduction"": [79999, 8]}, ""reducer"": ""LDA"", ""scaling"": true, ""test_has_nan"": false, ""train_has_nan"": false, ""transformed_test_shape"": [20001, 1], ""transformed_train_shape"": [79999, 1]}",0.5,0.8750062496875156,0.39451476793248946,0.88,0.5447924253459577,0.8745423747336211,0.8772711873668105,0.9559379911737386,0.7831079098173503,,1496,2296,16005,204,0.35892211299960763,0.03879658300047595
b869a20fde28,phase1_diagnostic:paper_faithful:ROS:LDA:lda_fit_ros_balanced_train:LogitBoost_surrogate:42,2026-09-30T11:05:32+00:00,phase1_lda_diagnostic,paper_faithful,paper_faithful,ROS,ROS,LDA,LogitBoost_surrogate,lda_fit_ros_balanced_train,42,79999,20001,ok,,,{},"{""classifier_train_counts_after_ros"": {""0"": 73199, ""1"": 73199}, ""component_count"": 1, ""input_shape"": [146398, 8], ""lda_fit_class_counts"": {""0"": 73199, ""1"": 73199}, ""lda_fit_variant"": ""lda_fit_ros_balanced_train"", ""preprocessing"": {""input_features"": [""age"", ""hypertension"", ""heart_disease"", ""bmi"", ""HbA1c_level"", ""blood_glucose_level"", ""gender"", ""smoking_history""], ""reducer"": ""none"", ""scaling"": true, ""test_has_nan"": false, ""test_shape_after_reduction"": [20001, 8], ""train_has_nan"": false, ""train_shape_after_reduction"": [79999, 8]}, ""reducer"": ""LDA"", ""scaling"": true, ""test_has_nan"": false, ""train_has_nan"": false, ""transformed_test_shape"": [20001, 1], ""transformed_train_shape"": [79999, 1]}",0.5,0.8965551722413879,0.4422535211267606,0.8311764705882353,0.5773237997957099,0.9026282716791432,0.8669023711336892,0.9527457033849002,0.7720026172518163,,1413,1782,16519,287,77.59048867799993,0.3470806850000372
5b42372918e0,phase1_diagnostic:paper_faithful:ROS:LDA:lda_fit_ros_balanced_train:LogitBoost_surrogate:42,2026-09-30T11:06:38+00:00,phase1_lda_diagnostic,paper_faithful,paper_faithful,ROS,ROS,LDA,LogitBoost_surrogate,lda_fit_ros_balanced_train,42,79999,20001,ok,,,{},"{""classifier_train_counts_after_ros"": {""0"": 73199, ""1"": 73199}, ""component_count"": 1, ""input_shape"": [146398, 8], ""lda_fit_class_counts"": {""0"": 73199, ""1"": 73199}, ""lda_fit_variant"": ""lda_fit_ros_balanced_train"", ""preprocessing"": {""input_features"": [""age"", ""hypertension"", ""heart_disease"", ""bmi"", ""HbA1c_level"", ""blood_glucose_level"", ""gender"", ""smoking_history""], ""reducer"": ""none"", ""scaling"": true, ""test_has_nan"": false, ""test_shape_after_reduction"": [20001, 8], ""train_has_nan"": false, ""train_shape_after_reduction"": [79999, 8]}, ""reducer"": ""LDA"", ""scaling"": true, ""test_has_nan"": false, ""train_has_nan"": false, ""transformed_test_shape"": [20001, 1], ""transformed_train_shape"": [79999, 1]}",0.5,0.8965551722413879,0.4422535211267606,0.8311764705882353,0.5773237997957099,0.9026282716791432,0.8669023711336892,0.9527457033849002,0.7720026172518163,,1413,1782,16519,287,71.32991021599992,0.2557030269999814
