run_id,run_key,timestamp_utc,extension,record_type,seed,fold,dataset_variant,model,model_variant,sampler,reducer,threshold,accuracy,precision,recall,f1,specificity,balanced_accuracy,roc_auc,pr_auc,brier_score,mcnemar_p,delong_p,mean,std,ci_low,ci_high,metric_name,tp,fp,tn,fn,train_seconds,predict_seconds,status,error
25bd7b8054ef,E1:runtime_estimate:v1,2026-09-30T11:22:36+00:00,E1,runtime_plan,42,,paper_faithful,PaRSEL_vs_standalones,3 seeds x 5 folds for PaRSEL; 5 seeds x 5 folds for standalone learners,,none,0.5,,,,,,,,,,,,2547.2627089950083,,,,estimated_total_seconds,,,,,,,planned,
a619ce792f08,E1:cv:PaRSEL:seed0:fold0,2026-09-30T11:22:36+00:00,E1,cv_fold,0,0,paper_faithful,PaRSEL,paper_parameters,ROS,none,0.5,0.96725,0.8884758364312267,0.7029411764705882,0.7848932676518884,0.9918032786885246,0.8473722275795563,0.9720412950016073,0.8542049620528458,,,,,,,,,956,120,14520,404,90.86506362900036,0.15122461800001474,ok,
479c6ece94ba,E1:cv:PAC:seed0:fold0,2026-09-30T11:24:07+00:00,E1,cv_fold,0,0,paper_faithful,PAC,paper_parameters,ROS,none,0.5,0.875625,0.3961081794195251,0.8830882352941176,0.5469034608378871,0.874931693989071,0.8790099646415943,0.9571645722838317,0.7973006953526601,,,,,,,,,1201,1831,12809,159,0.233928386000116,0.0008774509997238056,ok,
2d175e311ce5,E1:cv:Ridge:seed0:fold0,2026-09-30T11:24:07+00:00,E1,cv_fold,0,0,paper_faithful,Ridge,paper_parameters,ROS,none,0.5,0.880875,0.4068894952251023,0.8772058823529412,0.5559179869524697,0.8812158469945355,0.8792108646737383,0.9576297563082611,0.7984214970298517,,,,,,,,,1193,1739,12901,167,0.45646181799929764,0.0008201099999496364,ok,
2e1f62cc1fad,E1:cv:SGD:seed0:fold0,2026-09-30T11:24:08+00:00,E1,cv_fold,0,0,paper_faithful,SGD,paper_parameters,ROS,none,0.5,0.78225,0.27413866439812845,0.9477941176470588,0.4252721873968987,0.7668715846994536,0.8573328511732562,0.952425893000643,0.7762666276318365,,,,,,,,,1289,3413,11227,71,0.10442494399921998,0.0008425620007983525,ok,
7e6ce26fc9ff,E1:cv:XGBoost:seed0:fold0,2026-09-30T11:24:08+00:00,E1,cv_fold,0,0,paper_faithful,XGBoost,paper_parameters,ROS,none,0.5,0.9085,0.47992277992277993,0.9139705882352941,0.6293670886075949,0.9079918032786886,0.9109811957569913,0.9759324774991964,0.8781140535065651,,,,,,,,,1243,1347,13293,117,0.2507528470005127,0.021697131999644625,ok,
b2961fb3f402,E1:cv:LogisticRegression:seed0:fold0,2026-09-30T11:24:08+00:00,E1,cv_fold,0,0,paper_faithful,LogisticRegression,paper_parameters,ROS,none,0.5,0.885125,0.4157263751763047,0.8669117647058824,0.5619637750238322,0.8868169398907104,0.8768643522982964,0.9587174793072968,0.8062100021166819,,,,,,,,,1179,1657,12983,181,0.5655027369994059,0.004510392999691248,ok,
bb5d58a94ab2,E1:cv:PaRSEL:seed0:fold1,2026-09-30T11:24:09+00:00,E1,cv_fold,0,1,paper_faithful,PaRSEL,paper_parameters,ROS,none,0.5,0.965875,0.8686594202898551,0.7051470588235295,0.7784090909090909,0.9900956284153005,0.847621343619415,0.9755583514143362,0.866811704998975,,,,,,,,,959,145,14495,401,65.34154201899946,0.14680545299961523,ok,
b2a7bef86a26,E1:cv:PAC:seed0:fold1,2026-09-30T11:25:15+00:00,E1,cv_fold,0,1,paper_faithful,PAC,paper_parameters,ROS,none,0.5,0.879,0.40544977019041367,0.9080882352941176,0.560599182932365,0.8762978142076503,0.892193024750884,0.9636037196640951,0.8124776610955888,,,,,,,,,1235,1811,12829,125,0.32406676699974923,0.0015054129999043653,ok,
be8725fb8fcb,E1:cv:Ridge:seed0:fold1,2026-09-30T11:25:15+00:00,E1,cv_fold,0,1,paper_faithful,Ridge,paper_parameters,ROS,none,0.5,0.884375,0.41632513661202186,0.8963235294117647,0.5685634328358209,0.8832650273224044,0.8897942783670846,0.9639391222677595,0.8121839014557312,,,,,,,,,1219,1709,12931,141,0.7016909049998503,0.0008159410008374834,ok,
83552b537679,E1:cv:SGD:seed0:fold1,2026-09-30T11:25:16+00:00,E1,cv_fold,0,1,paper_faithful,SGD,paper_parameters,ROS,none,0.5,0.938375,0.6176100628930817,0.7220588235294118,0.6657627118644068,0.9584699453551913,0.8402643844423014,0.9489685038974606,0.7551363436072601,,,,,,,,,982,608,14032,378,0.12667830999998841,0.0008531439998478163,ok,
e08d14aa18f2,E1:cv:XGBoost:seed0:fold1,2026-09-30T11:25:16+00:00,E1,cv_fold,0,1,paper_faithful,XGBoost,paper_parameters,ROS,none,0.5,0.9118125,0.49008938981733385,0.9272058823529412,0.6412407831172133,0.9103825136612022,0.9187941980070717,0.9797650976374156,0.8928103354701455,,,,,,,,,1261,1312,13328,99,0.23521418899963464,0.016994835000332387,ok,
db45386432f5,E1:cv:LogisticRegression:seed0:fold1,2026-09-30T11:25:17+00:00,E1,cv_fold,0,1,paper_faithful,LogisticRegression,paper_parameters,ROS,none,0.5,0.8868125,0.42156521739130437,0.8911764705882353,0.5723730814639906,0.8864071038251367,0.888791787206686,0.9643534785840564,0.8190833965011999,,,,,,,,,1212,1663,12977,148,0.7092409520000729,0.0017147949993159273,ok,
f3d16f9fac65,E1:cv:PaRSEL:seed0:fold2,2026-09-30T11:25:18+00:00,E1,cv_fold,0,2,paper_faithful,PaRSEL,paper_parameters,ROS,none,0.5,0.969125,0.9347389558232931,0.6845588235294118,0.7903225806451613,0.9955601092896175,0.8400594664095147,0.9749817180970749,0.8514290188251518,,,,,,,,,931,65,14575,429,75.862377982,0.1609440150004957,ok,
3c1e7a497e9d,E1:cv:PAC:seed0:fold2,2026-09-30T11:26:34+00:00,E1,cv_fold,0,2,paper_faithful,PAC,paper_parameters,ROS,none,0.5,0.87875,0.4037184594953519,0.8941176470588236,0.5562671546203111,0.8773224043715847,0.8857200257152041,0.9629052655898426,0.8120587570674375,,,,,,,,,1216,1796,12844,144,0.23179357399931177,0.0009239050004907767,ok,
82bc73d82e08,E1:cv:Ridge:seed0:fold2,2026-09-30T11:26:34+00:00,E1,cv_fold,0,2,paper_faithful,Ridge,paper_parameters,ROS,none,0.5,0.882625,0.41178474114441416,0.8889705882352941,0.5628491620111732,0.882035519125683,0.8855030536804885,0.9631416244776599,0.812727085322664,,,,,,,,,1209,1727,12913,151,0.48714347499935684,0.0008150129997375188,ok,
8ef21e512cd9,E1:cv:SGD:seed0:fold2,2026-09-30T11:26:35+00:00,E1,cv_fold,0,2,paper_faithful,SGD,paper_parameters,ROS,none,0.5,0.8985,0.44883720930232557,0.8514705882352941,0.5878172588832488,0.9028688524590164,0.8771697203471552,0.9597349626325941,0.7958155621671196,,,,,,,,,1158,1422,13218,202,0.11432585300008213,0.0008718010003576637,ok,
90fc5b7874df,E1:cv:XGBoost:seed0:fold2,2026-09-30T11:26:35+00:00,E1,cv_fold,0,2,paper_faithful,XGBoost,paper_parameters,ROS,none,0.5,0.9104375,0.4858581944982565,0.9220588235294118,0.6363867038822634,0.9093579234972677,0.9157083735133398,0.9800266694792672,0.8886551143129685,,,,,,,,,1254,1327,13313,106,0.274485791999723,0.01983367199954955,ok,
eeed7890a2d1,E1:cv:LogisticRegression:seed0:fold2,2026-09-30T11:26:36+00:00,E1,cv_fold,0,2,paper_faithful,LogisticRegression,paper_parameters,ROS,none,0.5,0.8844375,0.4153686396677051,0.8823529411764706,0.5648387855966109,0.8846311475409836,0.8834920443587271,0.9633562861620059,0.8184458770524424,,,,,,,,,1200,1689,12951,160,0.4679212119999647,0.001470027999857848,ok,
fd5aa5c8d5e2,E1:cv:PaRSEL:seed0:fold3,2026-09-30T11:26:36+00:00,E1,cv_fold,0,3,paper_faithful,PaRSEL,paper_parameters,ROS,none,0.5,0.9640625,0.852017937219731,0.6985294117647058,0.7676767676767676,0.9887295081967213,0.8436294599807136,0.9724645913693346,0.8188115218266878,,,,,,,,,950,165,14475,410,66.79717231499944,0.1484738439994544,ok,
a106ee76f062,E1:cv:PAC:seed0:fold3,2026-09-30T11:27:43+00:00,E1,cv_fold,0,3,paper_faithful,PAC,paper_parameters,ROS,none,0.5,0.8808125,0.40763255656872677,0.8875,0.5586669752372136,0.8801912568306011,0.8838456284153005,0.9598993239713919,0.8010361299224072,,,,,,,,,1207,1754,12886,153,0.2196919899997738,0.0008612839992565569,ok,
b9f306d79c4f,E1:cv:Ridge:seed0:fold3,2026-09-30T11:27:44+00:00,E1,cv_fold,0,3,paper_faithful,Ridge,paper_parameters,ROS,none,0.5,0.8870625,0.42188046137714086,0.8875,0.5719023927979152,0.8870218579234973,0.8872609289617486,0.9596502581565414,0.8005516890647717,,,,,,,,,1207,1654,12986,153,0.4760110840006746,0.0008631069995317375,ok,
b3088a7d8151,E1:cv:SGD:seed0:fold3,2026-09-30T11:27:44+00:00,E1,cv_fold,0,3,paper_faithful,SGD,paper_parameters,ROS,none,0.5,0.9345,0.6111111111111112,0.6308823529411764,0.6208393632416788,0.9627049180327869,0.7967936354869817,0.9223632121906138,0.6820868025435016,,,,,,,,,858,546,14094,502,0.11527351699987776,0.0008866919997672085,ok,
591dc8c8f394,E1:cv:XGBoost:seed0:fold3,2026-09-30T11:27:45+00:00,E1,cv_fold,0,3,paper_faithful,XGBoost,paper_parameters,ROS,none,0.5,0.907125,0.47613636363636364,0.924264705882353,0.6285,0.9055327868852459,0.9148987463837994,0.9786218257794921,0.8867765968856595,,,,,,,,,1257,1383,13257,103,0.2701840989993798,0.019184902999768383,ok,
20f06f8878e1,E1:cv:LogisticRegression:seed0:fold3,2026-09-30T11:27:45+00:00,E1,cv_fold,0,3,paper_faithful,LogisticRegression,paper_parameters,ROS,none,0.5,0.889125,0.4268033946251768,0.8875,0.5764087870105062,0.889275956284153,0.8883879781420765,0.9606925777483124,0.8088956524851927,,,,,,,,,1207,1621,13019,153,0.6598299269999188,0.0016309570000885287,ok,
8fdbda343e38,E1:cv:PaRSEL:seed0:fold4,2026-09-30T11:27:46+00:00,E1,cv_fold,0,4,paper_faithful,PaRSEL,paper_parameters,ROS,none,0.5,0.9663103943996499,0.8989310009718173,0.6801470588235294,0.7743825868564252,0.9928956895962839,0.8365213742099067,0.9734586901226779,0.8547824262727016,,,,,,,,,925,104,14535,435,69.4675137339973,0.1683529580004688,ok,
83616c8fe545,E1:cv:PAC:seed0:fold4,2026-09-30T11:28:56+00:00,E1,cv_fold,0,4,paper_faithful,PAC,paper_parameters,ROS,none,0.5,0.8760547534220888,0.39830231798889976,0.8970588235294118,0.5516617680307484,0.8741034223649157,0.8855811229471637,0.961207722722944,0.7956210832408988,,,,,,,,,1220,1843,12796,140,0.32947881299969595,0.0010756450001281337,ok,
b92a0b91f08b,E1:cv:Ridge:seed0:fold4,2026-09-30T11:28:56+00:00,E1,cv_fold,0,4,paper_faithful,Ridge,paper_parameters,ROS,none,0.5,0.8809925620351272,0.4077340569877883,0.8838235294117647,0.5580315691736305,0.88072955802992,0.8822765437208424,0.9609955577968602,0.7960060810811526,,,,,,,,,1202,1746,12893,158,0.6322936259994094,0.0007877080006437609,ok,
bcafd0018277,E1:cv:SGD:seed0:fold4,2026-09-30T11:28:57+00:00,E1,cv_fold,0,4,paper_faithful,SGD,paper_parameters,ROS,none,0.5,0.9130570660666292,0.49175093134646086,0.6794117647058824,0.5705464649583205,0.9347633035043377,0.80708753410511,0.9139981134198334,0.5522069530403247,,,,,,,,,924,955,13684,436,0.13489645500067127,0.0008502310001858859,ok,
f11e177b4e5b,E1:cv:XGBoost:seed0:fold4,2026-09-30T11:28:57+00:00,E1,cv_fold,0,4,paper_faithful,XGBoost,paper_parameters,ROS,none,0.5,0.9089318082380149,0.4812524159257828,0.9154411764705882,0.6308588801621484,0.9083270715212788,0.9118841239959334,0.977436531344555,0.8775095587608793,,,,,,,,,1245,1342,13297,115,0.24231118300031085,0.01736928500031354,ok,
f58e5d03bc14,E1:cv:LogisticRegression:seed0:fold4,2026-09-30T11:28:58+00:00,E1,cv_fold,0,4,paper_faithful,LogisticRegression,paper_parameters,ROS,none,0.5,0.883305206575411,0.4130956462118615,0.8860294117647058,0.563479074117372,0.8830521210465195,0.8845407664056126,0.9619852087293009,0.8030238422333067,,,,,,,,,1205,1712,12927,155,0.5477486429999772,0.0015568650005661766,ok,
9c951c44457d,E1:cv:PaRSEL:seed1:fold0,2026-09-30T11:28:59+00:00,E1,cv_fold,1,0,paper_faithful,PaRSEL,paper_parameters,ROS,none,0.5,0.9671875,0.8678414096916299,0.7242647058823529,0.7895791583166333,0.9897540983606558,0.8570094021215043,0.973464094141755,0.8360316153133915,,,,,,,,,985,150,14490,375,66.37351222699817,0.1461217010000837,ok,
844f9a04c052,E1:cv:PAC:seed1:fold0,2026-09-30T11:30:05+00:00,E1,cv_fold,1,0,paper_faithful,PAC,paper_parameters,ROS,none,0.5,0.8783125,0.4034221783481408,0.9014705882352941,0.557399408956581,0.8761612021857923,0.8888158952105432,0.9619617385888781,0.8083412687767754,,,,,,,,,1226,1813,12827,134,0.23241835900080332,0.0008677360001456691,ok,
5fc232d93f1a,E1:cv:Ridge:seed1:fold0,2026-09-30T11:30:05+00:00,E1,cv_fold,1,0,paper_faithful,Ridge,paper_parameters,ROS,none,0.5,0.882875,0.41276306856754924,0.8941176470588236,0.5647933116581514,0.8818306010928961,0.8879741240758598,0.9615338215204114,0.8071779841206098,,,,,,,,,1216,1730,12910,144,0.4743378560015117,0.0008176529991033021,ok,
4285e9cb800c,E1:cv:SGD:seed1:fold0,2026-09-30T11:30:06+00:00,E1,cv_fold,1,0,paper_faithful,SGD,paper_parameters,ROS,none,0.5,0.84325,0.3416114790286976,0.9102941176470588,0.4967897271268058,0.8370218579234973,0.873657987785278,0.9563416104146576,0.7740966954703917,,,,,,,,,1238,2386,12254,122,0.10209186000065529,0.0009291149999626214,ok,
382c4be9357f,E1:cv:XGBoost:seed1:fold0,2026-09-30T11:30:06+00:00,E1,cv_fold,1,0,paper_faithful,XGBoost,paper_parameters,ROS,none,0.5,0.907125,0.4759908536585366,0.9183823529411764,0.6270080321285141,0.9060792349726776,0.912230793956927,0.9776601424381228,0.8855145129409138,,,,,,,,,1249,1375,13265,111,0.24611798899968562,0.018361362999712583,ok,
aba69667beb9,E1:cv:LogisticRegression:seed1:fold0,2026-09-30T11:30:07+00:00,E1,cv_fold,1,0,paper_faithful,LogisticRegression,paper_parameters,ROS,none,0.5,0.8856875,0.41911003794411866,0.8933823529411765,0.5705564686546137,0.8849726775956284,0.8891775152684025,0.9622246665059467,0.8144658420497982,,,,,,,,,1215,1684,12956,145,0.6041714959992532,0.002175008001358947,ok,
021ebdd74f87,E1:cv:PaRSEL:seed1:fold1,2026-09-30T11:30:08+00:00,E1,cv_fold,1,1,paper_faithful,PaRSEL,paper_parameters,ROS,none,0.5,0.9661875,0.883068288119738,0.6941176470588235,0.7772745986002471,0.9914617486338798,0.8427896978463516,0.9744260286081646,0.8589469843903498,,,,,,,,,944,125,14515,416,68.56829009499597,0.21690723900064768,ok,
0331db69a7ad,E1:cv:PAC:seed1:fold1,2026-09-30T11:31:17+00:00,E1,cv_fold,1,1,paper_faithful,PAC,paper_parameters,ROS,none,0.5,0.8741875,0.3943707538013588,0.8963235294117647,0.5477420804313637,0.8721311475409836,0.8842273384763741,0.9616532314770171,0.8007670677766711,,,,,,,,,1219,1872,12768,141,0.4575131070014322,0.0011710569997376297,ok,
1425bd29a425,E1:cv:Ridge:seed1:fold1,2026-09-30T11:31:17+00:00,E1,cv_fold,1,1,paper_faithful,Ridge,paper_parameters,ROS,none,0.5,0.8805625,0.40727027936721644,0.8897058823529411,0.5587624105287462,0.8797131147540984,0.8847094985535198,0.9621069139746062,0.8015461858485172,,,,,,,,,1210,1761,12879,150,1.1991768030002277,0.0013661670000146842,ok,
e8823cbd2498,E1:cv:SGD:seed1:fold1,2026-09-30T11:31:19+00:00,E1,cv_fold,1,1,paper_faithful,SGD,paper_parameters,ROS,none,0.5,0.9045,0.46407185628742514,0.7977941176470589,0.586803677663602,0.9144125683060109,0.8561033429765349,0.9457093529009964,0.7207749380088524,,,,,,,,,1085,1253,13387,275,0.23849964100008947,0.0011276009990979219,ok,
7f735333775b,E1:cv:XGBoost:seed1:fold1,2026-09-30T11:31:19+00:00,E1,cv_fold,1,1,paper_faithful,XGBoost,paper_parameters,ROS,none,0.5,0.9078125,0.478045055364643,0.9205882352941176,0.6293038451872329,0.9066256830601093,0.9136069591771134,0.9791377370620379,0.8827824633687675,,,,,,,,,1252,1367,13273,108,0.4356049970010645,0.02401053799985675,ok,
30fc3d7b7626,E1:cv:LogisticRegression:seed1:fold1,2026-09-30T11:31:20+00:00,E1,cv_fold,1,1,paper_faithful,LogisticRegression,paper_parameters,ROS,none,0.5,0.882375,0.4109215017064846,0.8852941176470588,0.5613053613053613,0.882103825136612,0.8836989713918354,0.9628782194230151,0.8110927944086719,,,,,,,,,1204,1726,12914,156,0.898871624000094,0.0017074810002668528,ok,
1fc9413c7183,E1:cv:PaRSEL:seed1:fold2,2026-09-30T11:31:21+00:00,E1,cv_fold,1,2,paper_faithful,PaRSEL,paper_parameters,ROS,none,0.5,0.9675,0.9007633587786259,0.6941176470588235,0.7840531561461794,0.992896174863388,0.8435069109611057,0.9716835171568627,0.8146532160888809,,,,,,,,,944,104,14536,416,105.1448904750032,0.21983154699955776,ok,
ad1940c19d2d,E1:cv:PAC:seed1:fold2,2026-09-30T11:33:07+00:00,E1,cv_fold,1,2,paper_faithful,PAC,paper_parameters,ROS,none,0.5,0.878125,0.40212342402123424,0.8911764705882353,0.5541838134430727,0.8769125683060109,0.8840445194471231,0.9581014695837352,0.8015333108567986,,,,,,,,,1212,1802,12838,148,0.42211954000049445,0.0010606089999782853,ok,
053407ff1795,E1:cv:Ridge:seed1:fold2,2026-09-30T11:33:07+00:00,E1,cv_fold,1,2,paper_faithful,Ridge,paper_parameters,ROS,none,0.5,0.8848125,0.4157068062827225,0.8757352941176471,0.5637869822485208,0.885655737704918,0.8806955159112826,0.9579201070797171,0.8009345837813959,,,,,,,,,1191,1674,12966,169,0.7802602019983169,0.0015762860002723755,ok,
c2786127a8fc,E1:cv:SGD:seed1:fold2,2026-09-30T11:33:08+00:00,E1,cv_fold,1,2,paper_faithful,SGD,paper_parameters,ROS,none,0.5,0.7451875,0.24574209245742093,0.9654411764705882,0.39176488139638965,0.7247267759562842,0.8450839762134362,0.9544750231035037,0.7690029223973255,,,,,,,,,1313,4030,10610,47,0.20237529299993184,0.0010907779997069156,ok,
2e46cb16315a,E1:cv:XGBoost:seed1:fold2,2026-09-30T11:33:09+00:00,E1,cv_fold,1,2,paper_faithful,XGBoost,paper_parameters,ROS,none,0.5,0.9108125,0.4868678949431595,0.913235294117647,0.6351316798772693,0.910587431693989,0.911911362905818,0.9765746544519447,0.8820278647193927,,,,,,,,,1242,1309,13331,118,0.3574380999998539,0.021466670001245802,ok,
860216941a1b,E1:cv:LogisticRegression:seed1:fold2,2026-09-30T11:33:09+00:00,E1,cv_fold,1,2,paper_faithful,LogisticRegression,paper_parameters,ROS,none,0.5,0.887,0.4207920792079208,0.875,0.5682903533906399,0.8881147540983606,0.8815573770491802,0.9587769457168114,0.8060812912786515,,,,,,,,,1190,1638,13002,170,0.5283889130005264,0.0017387190000590635,ok,
0e01413cc463,E1:cv:PaRSEL:seed1:fold3,2026-09-30T11:33:10+00:00,E1,cv_fold,1,3,paper_faithful,PaRSEL,paper_parameters,ROS,none,0.5,0.968125,0.9078694817658349,0.6955882352941176,0.787676935886761,0.9934426229508196,0.8445154291224686,0.9757551078833173,0.8583093874542562,,,,,,,,,946,96,14544,414,122.0948237040011,0.2200507249999646,ok,
c7e4a9228d6b,E1:cv:PAC:seed1:fold3,2026-09-30T11:35:13+00:00,E1,cv_fold,1,3,paper_faithful,PAC,paper_parameters,ROS,none,0.5,0.8785625,0.4030595277685401,0.8911764705882353,0.5550721318983284,0.8773907103825137,0.8842835904853745,0.9621183401639344,0.8058028094871976,,,,,,,,,1212,1795,12845,148,0.38006199799929163,0.0010988829999405425,ok,
df579ad78255,E1:cv:Ridge:seed1:fold3,2026-09-30T11:35:13+00:00,E1,cv_fold,1,3,paper_faithful,Ridge,paper_parameters,ROS,none,0.5,0.8843125,0.41490467937608316,0.8801470588235294,0.5639575971731449,0.8846994535519126,0.882423256187721,0.9626658429765348,0.8064684451849661,,,,,,,,,1197,1688,12952,163,0.9721319950003817,0.001328003001617617,ok,
1044048ff63a,E1:cv:SGD:seed1:fold3,2026-09-30T11:35:14+00:00,E1,cv_fold,1,3,paper_faithful,SGD,paper_parameters,ROS,none,0.5,0.8220625,0.3145422798702918,0.9272058823529412,0.46973365617433416,0.8122950819672131,0.8697504821600772,0.9585149971873995,0.7904097442381472,,,,,,,,,1261,2748,11892,99,0.19792824599971937,0.0020019339990540175,ok,
5a8a5b2bb62d,E1:cv:XGBoost:seed1:fold3,2026-09-30T11:35:15+00:00,E1,cv_fold,1,3,paper_faithful,XGBoost,paper_parameters,ROS,none,0.5,0.9090625,0.48168145005784807,0.9183823529411764,0.6319251201619024,0.9081967213114754,0.9132895371263259,0.9794039547171327,0.8880663640300368,,,,,,,,,1249,1344,13296,111,0.37752864499998395,0.025718381999467965,ok,
304f60f785d0,E1:cv:LogisticRegression:seed1:fold3,2026-09-30T11:35:15+00:00,E1,cv_fold,1,3,paper_faithful,LogisticRegression,paper_parameters,ROS,none,0.5,0.886875,0.4206069160197601,0.8764705882352941,0.5684310920362422,0.8878415300546448,0.8821560591449695,0.9634888299582128,0.8151884651714881,,,,,,,,,1192,1642,12998,168,0.7771415429997433,0.0016570399984630058,ok,
cb46929a1651,E1:cv:PaRSEL:seed1:fold4,2026-09-30T11:35:16+00:00,E1,cv_fold,1,4,paper_faithful,PaRSEL,paper_parameters,ROS,none,0.5,0.9660603787736733,0.8946859903381642,0.6808823529411765,0.7732776617954071,0.9925541362114898,0.8367182445763331,0.9747151796369888,0.8662572121103456,,,,,,,,,926,109,14530,434,70.56859512800293,0.15044491799926618,ok,
f57ec6e88e05,E1:cv:PAC:seed1:fold4,2026-09-30T11:36:27+00:00,E1,cv_fold,1,4,paper_faithful,PAC,paper_parameters,ROS,none,0.5,0.8775548471779486,0.40131795716639207,0.8955882352941177,0.5542662116040956,0.8758794999658447,0.8857338676299812,0.9616545549157569,0.8031070516907498,,,,,,,,,1218,1817,12822,142,0.22276386299927253,0.0008662070013087941,ok,
18d22cf246a8,E1:cv:Ridge:seed1:fold4,2026-09-30T11:36:28+00:00,E1,cv_fold,1,4,paper_faithful,Ridge,paper_parameters,ROS,none,0.5,0.8806175385961622,0.40753194351042366,0.8911764705882353,0.5592985694508538,0.8796365871985792,0.8854065288934072,0.9613664948184342,0.8032525610559587,,,,,,,,,1212,1762,12877,148,0.739234081000177,0.0009341539989691228,ok,
47227c67f221,E1:cv:SGD:seed1:fold4,2026-09-30T11:36:29+00:00,E1,cv_fold,1,4,paper_faithful,SGD,paper_parameters,ROS,none,0.5,0.8206762922682668,0.31291842301016615,0.9279411764705883,0.4680140923419247,0.8107111141471411,0.8693261453088648,0.949370587431639,0.7161064718326327,,,,,,,,,1262,2771,11868,98,0.19505852099973708,0.0013164419997337973,ok,
f58ed8587058,E1:cv:XGBoost:seed1:fold4,2026-09-30T11:36:29+00:00,E1,cv_fold,1,4,paper_faithful,XGBoost,paper_parameters,ROS,none,0.5,0.9054315894743421,0.4713590415574691,0.9257352941176471,0.6246588935747953,0.9035453241341622,0.9146403091259047,0.978769719685128,0.8859106261123049,,,,,,,,,1259,1412,13227,101,0.25217942199924437,0.018500576999940677,ok,
96bdd542cfba,E1:cv:LogisticRegression:seed1:fold4,2026-09-30T11:36:29+00:00,E1,cv_fold,1,4,paper_faithful,LogisticRegression,paper_parameters,ROS,none,0.5,0.8825551596974811,0.4117046614494726,0.8897058823529411,0.562921609676669,0.8818908395382198,0.8857983609455804,0.962270355577165,0.8099575442300618,,,,,,,,,1210,1729,12910,150,0.35948795299918856,0.0016416569997090846,ok,
69e4e3b20bbe,E1:cv:PaRSEL:seed2:fold0,2026-09-30T11:36:30+00:00,E1,cv_fold,2,0,paper_faithful,PaRSEL,paper_parameters,ROS,none,0.5,0.97,0.8985507246376812,0.7294117647058823,0.8051948051948052,0.9923497267759562,0.8608807457409193,0.9747165049421407,0.8761721290067774,,,,,,,,,992,112,14528,368,68.98053624500062,0.145026099999086,ok,
d018419fbabc,E1:cv:PAC:seed2:fold0,2026-09-30T11:37:39+00:00,E1,cv_fold,2,0,paper_faithful,PAC,paper_parameters,ROS,none,0.5,0.8745,0.39602053915276,0.9073529411764706,0.5513851653261841,0.871448087431694,0.8894005143040823,0.9604703823127612,0.8130404756582955,,,,,,,,,1234,1882,12758,126,0.4420421230006468,0.0014803960002609529,ok,
ca5da49384e5,E1:cv:Ridge:seed2:fold0,2026-09-30T11:37:40+00:00,E1,cv_fold,2,0,paper_faithful,Ridge,paper_parameters,ROS,none,0.5,0.881,0.4092728485657105,0.9022058823529412,0.5631023405231758,0.8790300546448088,0.890617968498875,0.960129806533269,0.8112910339665325,,,,,,,,,1227,1771,12869,133,0.4996487949993025,0.0008109449991025031,ok,
6e408e85a48b,E1:cv:SGD:seed2:fold0,2026-09-30T11:37:41+00:00,E1,cv_fold,2,0,paper_faithful,SGD,paper_parameters,ROS,none,0.5,0.8521875,0.3543900318748189,0.899264705882353,0.5084182082727083,0.8478142076502733,0.8735394567663131,0.9460488739553198,0.6845585718852387,,,,,,,,,1223,2228,12412,137,0.20865571800095495,0.0009087540001928573,ok,
3384b7eb7a92,E1:cv:XGBoost:seed2:fold0,2026-09-30T11:37:41+00:00,E1,cv_fold,2,0,paper_faithful,XGBoost,paper_parameters,ROS,none,0.5,0.90575,0.4720965309200603,0.9205882352941176,0.6241276171485544,0.9043715846994536,0.9124799099967855,0.9778213396014143,0.8933209525899944,,,,,,,,,1252,1400,13240,108,0.31217653199928463,0.020997853000153555,ok,
25bfcc8e745c,E1:cv:LogisticRegression:seed2:fold0,2026-09-30T11:37:41+00:00,E1,cv_fold,2,0,paper_faithful,LogisticRegression,paper_parameters,ROS,none,0.5,0.8848125,0.41675284384694933,0.8889705882352941,0.5674724243135414,0.8844262295081967,0.8866984088717453,0.9610982953632273,0.8188884717947252,,,,,,,,,1209,1692,12948,151,0.3949917070003721,0.0015660930002923124,ok,
93b1e70e9b6d,E1:cv:PaRSEL:seed2:fold1,2026-09-30T11:37:42+00:00,E1,cv_fold,2,1,paper_faithful,PaRSEL,paper_parameters,ROS,none,0.5,0.967,0.9046692607003891,0.6838235294117647,0.7788944723618091,0.9933060109289618,0.8385647701703632,0.9718997860414659,0.8303248532830736,,,,,,,,,930,98,14542,430,63.94267780300288,0.14322146999984398,ok,
484e5dd639cf,E1:cv:PAC:seed2:fold1,2026-09-30T11:38:46+00:00,E1,cv_fold,2,1,paper_faithful,PAC,paper_parameters,ROS,none,0.5,0.8775625,0.40026640026640026,0.8838235294117647,0.5509970203988082,0.8769808743169399,0.8804022018643523,0.9577032606075218,0.7871482085187501,,,,,,,,,1202,1801,12839,158,0.34753462000116997,0.0012927219995617634,ok,
e2652befc91d,E1:cv:Ridge:seed2:fold1,2026-09-30T11:38:47+00:00,E1,cv_fold,2,1,paper_faithful,Ridge,paper_parameters,ROS,none,0.5,0.8821875,0.4105011933174224,0.8852941176470588,0.5609131143722339,0.8818989071038251,0.8835965123754419,0.9578305307778848,0.7861201222595553,,,,,,,,,1204,1729,12911,156,0.7042172469991783,0.0011382819993741577,ok,
5325599602a0,E1:cv:SGD:seed2:fold1,2026-09-30T11:38:47+00:00,E1,cv_fold,2,1,paper_faithful,SGD,paper_parameters,ROS,none,0.5,0.804625,0.29673112338858193,0.9477941176470588,0.4519635343618513,0.7913251366120219,0.8695596271295403,0.9538884201221471,0.7643395151563569,,,,,,,,,1289,3055,11585,71,0.10653005499989376,0.0008432890008407412,ok,
c229990c72d8,E1:cv:XGBoost:seed2:fold1,2026-09-30T11:38:48+00:00,E1,cv_fold,2,1,paper_faithful,XGBoost,paper_parameters,ROS,none,0.5,0.9073125,0.4764998089415361,0.9169117647058823,0.6271058586874528,0.9064207650273224,0.9116662648666023,0.9765196831806494,0.8739283306473864,,,,,,,,,1247,1370,13270,113,0.2669119990005129,0.021329606999643147,ok,
ec71a84f86f3,E1:cv:LogisticRegression:seed2:fold1,2026-09-30T11:38:48+00:00,E1,cv_fold,2,1,paper_faithful,LogisticRegression,paper_parameters,ROS,none,0.5,0.8841875,0.4147353856796956,0.8816176470588235,0.5641025641025641,0.8844262295081967,0.88302193828351,0.9587310149469626,0.7926375937688743,,,,,,,,,1199,1692,12948,161,0.7395353310002974,0.0017087770011130488,ok,
7e30cfce6fb4,E1:cv:PaRSEL:seed2:fold2,2026-09-30T11:38:49+00:00,E1,cv_fold,2,2,paper_faithful,PaRSEL,paper_parameters,ROS,none,0.5,0.9681875,0.9119070667957405,0.6926470588235294,0.7872962808190556,0.9937841530054645,0.843215605914497,0.9756916988106717,0.8245482786741288,,,,,,,,,942,91,14549,418,67.18391658799919,0.1595897139995941,ok,
788f43cf7ffb,E1:cv:PAC:seed2:fold2,2026-09-30T11:39:57+00:00,E1,cv_fold,2,2,paper_faithful,PAC,paper_parameters,ROS,none,0.5,0.881625,0.410221923335575,0.8970588235294118,0.5629903091832026,0.8801912568306011,0.8886250401800064,0.9633989774188364,0.809877216155023,,,,,,,,,1220,1754,12886,140,0.21653269099988393,0.0008598709991929354,ok,
e4cc172fc209,E1:cv:Ridge:seed2:fold2,2026-09-30T11:39:57+00:00,E1,cv_fold,2,2,paper_faithful,Ridge,paper_parameters,ROS,none,0.5,0.8870625,0.42188046137714086,0.8875,0.5719023927979152,0.8870218579234973,0.8872609289617486,0.963440212150434,0.8113214732102845,,,,,,,,,1207,1654,12986,153,0.4390747879988339,0.0008159640001395019,ok,
2fea845cdfe0,E1:cv:SGD:seed2:fold2,2026-09-30T11:39:58+00:00,E1,cv_fold,2,2,paper_faithful,SGD,paper_parameters,ROS,none,0.5,0.917375,0.5085972850678733,0.8264705882352941,0.6296918767507003,0.9258196721311476,0.8761451301832208,0.9600323951301832,0.7889298200637633,,,,,,,,,1124,1086,13554,236,0.1054424480007583,0.0008535880006093066,ok,
d1e6e246fbf0,E1:cv:XGBoost:seed2:fold2,2026-09-30T11:39:58+00:00,E1,cv_fold,2,2,paper_faithful,XGBoost,paper_parameters,ROS,none,0.5,0.9088125,0.4809101426918627,0.9169117647058823,0.6309132304578801,0.9080601092896174,0.9124859369977498,0.9792695274831245,0.8855267473741508,,,,,,,,,1247,1346,13294,113,0.2615602320001926,0.019497315000990056,ok,
201f5388edb2,E1:cv:LogisticRegression:seed2:fold2,2026-09-30T11:39:58+00:00,E1,cv_fold,2,2,paper_faithful,LogisticRegression,paper_parameters,ROS,none,0.5,0.8875,0.42302309307207836,0.8889705882352941,0.5732574679943101,0.8873633879781421,0.888166988106718,0.9641996142719382,0.8185363557881572,,,,,,,,,1209,1649,12991,151,0.4588673129983363,0.004548782000711071,ok,
74976ec70afb,E1:cv:PaRSEL:seed2:fold3,2026-09-30T11:39:59+00:00,E1,cv_fold,2,3,paper_faithful,PaRSEL,paper_parameters,ROS,none,0.5,0.969875,0.9087523277467412,0.7176470588235294,0.8019720624486442,0.9933060109289618,0.8554765348762456,0.9774633859691418,0.871943506374586,,,,,,,,,976,98,14542,384,67.93234050299907,0.23335483799928625,ok,
706fbfde57ad,E1:cv:PAC:seed2:fold3,2026-09-30T11:41:07+00:00,E1,cv_fold,2,3,paper_faithful,PAC,paper_parameters,ROS,none,0.5,0.87925,0.4051724137931034,0.8985294117647059,0.5585009140767825,0.8774590163934426,0.8879942140790742,0.9646528196319513,0.8166774764807642,,,,,,,,,1222,1794,12846,138,0.4009545999997499,0.0017101739995268872,ok,
14ee9804b837,E1:cv:Ridge:seed2:fold3,2026-09-30T11:41:08+00:00,E1,cv_fold,2,3,paper_faithful,Ridge,paper_parameters,ROS,none,0.5,0.8848125,0.4169246646026832,0.8911764705882353,0.5680806187016639,0.8842213114754098,0.8876988910318226,0.9646865708373513,0.8170374005295333,,,,,,,,,1212,1695,12945,148,0.657787135000035,0.0009043900008691708,ok,
314742ff5721,E1:cv:SGD:seed2:fold3,2026-09-30T11:41:09+00:00,E1,cv_fold,2,3,paper_faithful,SGD,paper_parameters,ROS,none,0.5,0.6823125,0.20863984974174363,0.9801470588235294,0.34404439282488064,0.6546448087431694,0.8173959337833494,0.9538605703551915,0.7700260642826149,,,,,,,,,1333,5056,9584,27,0.11138913600007072,0.0009348350013169693,ok,
2a6ed4dab116,E1:cv:XGBoost:seed2:fold3,2026-09-30T11:41:09+00:00,E1,cv_fold,2,3,paper_faithful,XGBoost,paper_parameters,ROS,none,0.5,0.9105,0.48614318706697457,0.9286764705882353,0.6382011116725619,0.9088114754098361,0.9187439729990357,0.9809393834378013,0.8959605873994753,,,,,,,,,1263,1335,13305,97,0.26518718999977864,0.01978669600066496,ok,
069455d0ef41,E1:cv:LogisticRegression:seed2:fold3,2026-09-30T11:41:09+00:00,E1,cv_fold,2,3,paper_faithful,LogisticRegression,paper_parameters,ROS,none,0.5,0.8883125,0.42500878117316476,0.8897058823529411,0.5752317565961492,0.8881830601092896,0.8889444712311154,0.9656719854950176,0.8247619857813948,,,,,,,,,1210,1637,13003,150,0.6314175829993474,0.0015820290009287419,ok,
0dab7f7559c4,E1:cv:PaRSEL:seed2:fold4,2026-09-30T11:41:10+00:00,E1,cv_fold,2,4,paper_faithful,PaRSEL,paper_parameters,ROS,none,0.5,0.9656853553347085,0.882186616399623,0.6882352941176471,0.7732342007434945,0.991461165380149,0.8398482297488981,0.9730830818562823,0.8360486737039803,,,,,,,,,936,125,14514,424,100.61707229699823,0.2462104559999716,ok,
5c652bf21ff5,E1:cv:PAC:seed2:fold4,2026-09-30T11:42:51+00:00,E1,cv_fold,2,4,paper_faithful,PAC,paper_parameters,ROS,none,0.5,0.8725545346584161,0.3897369275738876,0.8823529411764706,0.540662311331381,0.8716442379943985,0.8769985895854345,0.9592218409325614,0.793063923836733,,,,,,,,,1200,1879,12760,160,0.301139081000656,0.0011250289990130113,ok,
266ec57da8f6,E1:cv:Ridge:seed2:fold4,2026-09-30T11:42:52+00:00,E1,cv_fold,2,4,paper_faithful,Ridge,paper_parameters,ROS,none,0.5,0.8786799174948434,0.40169204737732656,0.8727941176470588,0.5501738122827347,0.8792267231368263,0.8760104203919425,0.9595538006855177,0.7942649277288024,,,,,,,,,1187,1768,12871,173,0.7806503370011342,0.0013880099995731143,ok,
4dae30f2a147,E1:cv:SGD:seed2:fold4,2026-09-30T11:42:53+00:00,E1,cv_fold,2,4,paper_faithful,SGD,paper_parameters,ROS,none,0.5,0.7921120070004375,0.282233052724856,0.9367647058823529,0.4337759618658495,0.77867340665346,0.8577190562679065,0.9529921583361125,0.7732259755316654,,,,,,,,,1274,3240,11399,86,0.23361239100086095,0.0016903109990380472,ok,
c71aada892c0,E1:cv:XGBoost:seed2:fold4,2026-09-30T11:42:53+00:00,E1,cv_fold,2,4,paper_faithful,XGBoost,paper_parameters,ROS,none,0.5,0.9087442965185324,0.4807987711213518,0.9205882352941176,0.6316851664984864,0.9076439647516907,0.9141161000229041,0.9774858305573749,0.8762798614413606,,,,,,,,,1252,1352,13287,108,0.43060772599892516,0.02821077100088587,ok,
d83f66eaee7f,E1:cv:LogisticRegression:seed2:fold4,2026-09-30T11:42:54+00:00,E1,cv_fold,2,4,paper_faithful,LogisticRegression,paper_parameters,ROS,none,0.5,0.8808050503156447,0.4061105389632681,0.8698529411764706,0.5537093377018488,0.881822528861261,0.8758377350188657,0.9598915869373913,0.8021790421478753,,,,,,,,,1183,1730,12909,177,0.939619180999216,0.002081221000480582,ok,
887e8620297d,E1:cv:PAC:seed3:fold0,2026-09-30T11:42:55+00:00,E1,cv_fold,3,0,paper_faithful,PAC,paper_parameters,ROS,none,0.5,0.8775,0.400464499004645,0.8875,0.5518975765889346,0.8765710382513662,0.882035519125683,0.9591165421086468,0.7977140254390926,,,,,,,,,1207,1807,12833,153,0.359460546000264,0.0011004280004272005,ok,
943898e8d1d1,E1:cv:Ridge:seed3:fold0,2026-09-30T11:42:56+00:00,E1,cv_fold,3,0,paper_faithful,Ridge,paper_parameters,ROS,none,0.5,0.882,0.4100204498977505,0.8845588235294117,0.560316721006055,0.8817622950819672,0.8831605593056895,0.9594423015107681,0.7984757386641255,,,,,,,,,1203,1731,12909,157,0.890584337999826,0.001186807001431589,ok,
2442eae1cd07,E1:cv:SGD:seed3:fold0,2026-09-30T11:42:57+00:00,E1,cv_fold,3,0,paper_faithful,SGD,paper_parameters,ROS,none,0.5,0.9226875,0.5319148936170213,0.7536764705882353,0.6236689990873137,0.9383879781420765,0.8460322243651559,0.9496898103503697,0.7619499795528676,,,,,,,,,1025,902,13738,335,0.20938418300102057,0.0016121859989652876,ok,
4c1a111d2f6e,E1:cv:XGBoost:seed3:fold0,2026-09-30T11:42:58+00:00,E1,cv_fold,3,0,paper_faithful,XGBoost,paper_parameters,ROS,none,0.5,0.902875,0.46396731054977713,0.9183823529411764,0.6164856860809477,0.9014344262295082,0.9099083895853424,0.9759459880263581,0.8758570409893786,,,,,,,,,1249,1443,13197,111,0.3325927040004899,0.02218723500118358,ok,
4464fea49d65,E1:cv:LogisticRegression:seed3:fold0,2026-09-30T11:42:58+00:00,E1,cv_fold,3,0,paper_faithful,LogisticRegression,paper_parameters,ROS,none,0.5,0.882625,0.41111873713109126,0.8808823529411764,0.5605989705194198,0.8827868852459017,0.8818346190935391,0.9599180327868853,0.8051821873863542,,,,,,,,,1198,1716,12924,162,0.5647318030005408,0.0016474919993925141,ok,
121b1d5a641e,E1:cv:PAC:seed3:fold1,2026-09-30T11:42:59+00:00,E1,cv_fold,3,1,paper_faithful,PAC,paper_parameters,ROS,none,0.5,0.875375,0.39787371134020616,0.9080882352941176,0.5533154121863799,0.8723360655737705,0.8902121504339441,0.9638394256268081,0.811709762776363,,,,,,,,,1235,1869,12771,125,0.27988231100061967,0.001241297000888153,ok,
fd0ac4a4c656,E1:cv:Ridge:seed3:fold1,2026-09-30T11:43:00+00:00,E1,cv_fold,3,1,paper_faithful,Ridge,paper_parameters,ROS,none,0.5,0.881875,0.41113346747149565,0.9014705882352941,0.5647167204053432,0.8800546448087432,0.8907626165220186,0.963585588436194,0.811036030371364,,,,,,,,,1226,1756,12884,134,0.6453233820011519,0.0012365259990474442,ok,
1acffb4d29cc,E1:cv:SGD:seed3:fold1,2026-09-30T11:43:00+00:00,E1,cv_fold,3,1,paper_faithful,SGD,paper_parameters,ROS,none,0.5,0.9266875,0.5561561561561561,0.6808823529411765,0.6122314049586777,0.9495218579234973,0.8152021054323368,0.9326661694390871,0.7197611796712103,,,,,,,,,926,739,13901,434,0.15111885399892344,0.0011296249995211838,ok,
b90baedc14ab,E1:cv:XGBoost:seed3:fold1,2026-09-30T11:43:01+00:00,E1,cv_fold,3,1,paper_faithful,XGBoost,paper_parameters,ROS,none,0.5,0.907125,0.4760820045558087,0.9220588235294118,0.627941912869304,0.9057377049180327,0.9138982642237223,0.9791991873593701,0.8874187355138753,,,,,,,,,1254,1380,13260,106,0.36991062899869576,0.023687199000050896,ok,
2050a287c5d6,E1:cv:LogisticRegression:seed3:fold1,2026-09-30T11:43:01+00:00,E1,cv_fold,3,1,paper_faithful,LogisticRegression,paper_parameters,ROS,none,0.5,0.8841875,0.4160136286201022,0.8977941176470589,0.5685681024447031,0.8829234972677595,0.8903588074574091,0.9641749286804886,0.8175715917762908,,,,,,,,,1221,1714,12926,139,0.5714050779988611,0.004781894000188913,ok,
e3d26ef7d323,E1:cv:PAC:seed3:fold2,2026-09-30T11:43:02+00:00,E1,cv_fold,3,2,paper_faithful,PAC,paper_parameters,ROS,none,0.5,0.873,0.39105058365758755,0.8867647058823529,0.5427542754275427,0.8717213114754099,0.8792430086788814,0.9588535890790741,0.7930427866008392,,,,,,,,,1206,1878,12762,154,0.2812803269989672,0.001063457000782364,ok,
7f982ab6b9fb,E1:cv:Ridge:seed3:fold2,2026-09-30T11:43:03+00:00,E1,cv_fold,3,2,paper_faithful,Ridge,paper_parameters,ROS,none,0.5,0.8816875,0.4090754008870693,0.8816176470588235,0.5588440922861804,0.8816939890710382,0.8816558180649309,0.9595036513580842,0.7943517057690476,,,,,,,,,1199,1732,12908,161,0.7652152230002685,0.0012760299996443791,ok,
d2f9d17c6b37,E1:cv:SGD:seed3:fold2,2026-09-30T11:43:04+00:00,E1,cv_fold,3,2,paper_faithful,SGD,paper_parameters,ROS,none,0.5,0.773125,0.2656895127993394,0.9463235294117647,0.4148936170212766,0.757035519125683,0.8516795242687238,0.9495539768161362,0.7741170576004285,,,,,,,,,1287,3557,11083,73,0.16906178399949567,0.001090743000531802,ok,
c591fa1b0f76,E1:cv:XGBoost:seed3:fold2,2026-09-30T11:43:04+00:00,E1,cv_fold,3,2,paper_faithful,XGBoost,paper_parameters,ROS,none,0.5,0.9028125,0.4638755094479437,0.9205882352941176,0.61690071446169,0.9011612021857923,0.910874718739955,0.977463762656702,0.8822495222497634,,,,,,,,,1252,1447,13193,108,0.37091390899877297,0.024269334999189596,ok,
d3b171e1da51,E1:cv:LogisticRegression:seed3:fold2,2026-09-30T11:43:05+00:00,E1,cv_fold,3,2,paper_faithful,LogisticRegression,paper_parameters,ROS,none,0.5,0.88225,0.4095303867403315,0.8720588235294118,0.5573308270676691,0.8831967213114754,0.8776277724204435,0.9598764715927354,0.8009000695701157,,,,,,,,,1186,1710,12930,174,0.6023649999988265,0.0016966150014923187,ok,
db8ca3295a42,E1:cv:PAC:seed3:fold3,2026-09-30T11:43:06+00:00,E1,cv_fold,3,3,paper_faithful,PAC,paper_parameters,ROS,none,0.5,0.8805625,0.40795188773805546,0.8977941176470589,0.5609924190213645,0.8789617486338798,0.8883779331404693,0.961883337351334,0.8083964336061412,,,,,,,,,1221,1772,12868,139,0.2515036320000945,0.0010167460004595341,ok,
0dcf23acf80d,E1:cv:Ridge:seed3:fold3,2026-09-30T11:43:06+00:00,E1,cv_fold,3,3,paper_faithful,Ridge,paper_parameters,ROS,none,0.5,0.8851875,0.4171011470281543,0.8823529411764706,0.5664385178192117,0.8854508196721311,0.8839018804243008,0.9618985053037609,0.8070273124841102,,,,,,,,,1200,1677,12963,160,0.7571052040002542,0.0015684469999541761,ok,
17899fc0a731,E1:cv:SGD:seed3:fold3,2026-09-30T11:43:07+00:00,E1,cv_fold,3,3,paper_faithful,SGD,paper_parameters,ROS,none,0.5,0.870375,0.3853564547206166,0.8823529411764706,0.5364327223960662,0.8692622950819672,0.8758076181292189,0.9550431935069109,0.7615743170910978,,,,,,,,,1200,1914,12726,160,0.152700921998985,0.0010680460000003222,ok,
a9bda71778b5,E1:cv:XGBoost:seed3:fold3,2026-09-30T11:43:07+00:00,E1,cv_fold,3,3,paper_faithful,XGBoost,paper_parameters,ROS,none,0.5,0.912375,0.491725768321513,0.9176470588235294,0.6403283735248846,0.9118852459016393,0.9147661523625843,0.9792932839119254,0.8881478594041786,,,,,,,,,1248,1290,13350,112,0.3385641389995726,0.023499725000874605,ok,
5b6ba603777c,E1:cv:LogisticRegression:seed3:fold3,2026-09-30T11:43:08+00:00,E1,cv_fold,3,3,paper_faithful,LogisticRegression,paper_parameters,ROS,none,0.5,0.887,0.421293042867182,0.8816176470588235,0.5701378982406087,0.8875,0.8845588235294117,0.9630203813082611,0.815475999762073,,,,,,,,,1199,1647,12993,161,0.5217797879995487,0.007636180998815689,ok,
3857f5bedd34,E1:cv:PAC:seed3:fold4,2026-09-30T11:43:09+00:00,E1,cv_fold,3,4,paper_faithful,PAC,paper_parameters,ROS,none,0.5,0.8788674292143259,0.4043046357615894,0.8977941176470589,0.5575342465753425,0.8771090921511032,0.887451604899081,0.9617598839522148,0.8084056347808762,,,,,,,,,1221,1799,12840,139,0.2759206640002958,0.0009899140004563378,ok,
3d0c0ec259e4,E1:cv:Ridge:seed3:fold4,2026-09-30T11:43:09+00:00,E1,cv_fold,3,4,paper_faithful,Ridge,paper_parameters,ROS,none,0.5,0.8825551596974811,0.4113426716774855,0.8852941176470588,0.5616981572195008,0.8823007035999727,0.8837974106235158,0.9613467048134917,0.8095566061785013,,,,,,,,,1204,1723,12916,156,0.6856615169999714,0.0009406909994140733,ok,
658dc01135c7,E1:cv:SGD:seed3:fold4,2026-09-30T11:43:10+00:00,E1,cv_fold,3,4,paper_faithful,SGD,paper_parameters,ROS,none,0.5,0.928245515344709,0.5658385093167702,0.6698529411764705,0.6134680134680135,0.9522508368057927,0.8110518889911316,0.9239798604051224,0.6918919935381378,,,,,,,,,911,699,13940,449,0.19844422800088068,0.0012595539992616978,ok,
d6aeef1064b3,E1:cv:XGBoost:seed3:fold4,2026-09-30T11:43:10+00:00,E1,cv_fold,3,4,paper_faithful,XGBoost,paper_parameters,ROS,none,0.5,0.908994312144509,0.48158096699923253,0.9227941176470589,0.6328794755421079,0.9077122754286495,0.9152531965378542,0.9795440161856123,0.8901131477374805,,,,,,,,,1255,1351,13288,105,0.2916795880009886,0.018880031999287894,ok,
e30f85d86fd9,E1:cv:LogisticRegression:seed3:fold4,2026-09-30T11:43:11+00:00,E1,cv_fold,3,4,paper_faithful,LogisticRegression,paper_parameters,ROS,none,0.5,0.8872429526845428,0.4224318658280922,0.8889705882352941,0.5727143533870204,0.8870824509870893,0.8880265196111916,0.9626765027344362,0.8175868764261461,,,,,,,,,1209,1653,12986,151,0.578637061000336,0.0015754649994050851,ok,
8fbc364cbeac,E1:cv:PAC:seed4:fold0,2026-09-30T11:43:12+00:00,E1,cv_fold,4,0,paper_faithful,PAC,paper_parameters,ROS,none,0.5,0.8808125,0.4073823230612936,0.8845588235294117,0.5578483654069093,0.880464480874317,0.8825116522018643,0.9581040561716491,0.7945177747374411,,,,,,,,,1203,1750,12890,157,0.2524050990014075,0.0009736020001582801,ok,
8b88d6ed39f8,E1:cv:Ridge:seed4:fold0,2026-09-30T11:43:12+00:00,E1,cv_fold,4,0,paper_faithful,Ridge,paper_parameters,ROS,none,0.5,0.8828125,0.4109920497753197,0.8742647058823529,0.5591347284269927,0.8836065573770492,0.878935631629701,0.957187349324976,0.7929772109681184,,,,,,,,,1189,1704,12936,171,0.5298360290016717,0.000941939999393071,ok,
f14fe140133a,E1:cv:SGD:seed4:fold0,2026-09-30T11:43:13+00:00,E1,cv_fold,4,0,paper_faithful,SGD,paper_parameters,ROS,none,0.5,0.852625,0.3528023598820059,0.8794117647058823,0.503578947368421,0.850136612021858,0.8647741883638702,0.9474548979427837,0.7465492856795402,,,,,,,,,1196,2194,12446,164,0.181663938001293,0.0012823569995816797,ok,
62124d738a4e,E1:cv:XGBoost:seed4:fold0,2026-09-30T11:43:13+00:00,E1,cv_fold,4,0,paper_faithful,XGBoost,paper_parameters,ROS,none,0.5,0.9100625,0.4843316144387148,0.8977941176470589,0.6292192733831486,0.9112021857923497,0.9044981517197043,0.9740380153085824,0.8673628698416775,,,,,,,,,1221,1300,13340,139,0.3410238919987023,0.022668932999295066,ok,
276253954139,E1:cv:LogisticRegression:seed4:fold0,2026-09-30T11:43:14+00:00,E1,cv_fold,4,0,paper_faithful,LogisticRegression,paper_parameters,ROS,none,0.5,0.886625,0.4196744515215853,0.8720588235294118,0.5666507405637841,0.8879781420765027,0.8800184828029572,0.9578449453551913,0.7995220502260187,,,,,,,,,1186,1640,13000,174,0.6530029300010938,0.0017068209999706596,ok,
5a39d1e0d125,E1:cv:PAC:seed4:fold1,2026-09-30T11:43:15+00:00,E1,cv_fold,4,1,paper_faithful,PAC,paper_parameters,ROS,none,0.5,0.8755,0.39720234222511386,0.8977941176470589,0.550744248985115,0.8734289617486338,0.8856115396978463,0.9625397530938605,0.8170561091558675,,,,,,,,,1221,1853,12787,139,0.37997768099921814,0.00112309599899163,ok,
cd8ff871022f,E1:cv:Ridge:seed4:fold1,2026-09-30T11:43:15+00:00,E1,cv_fold,4,1,paper_faithful,Ridge,paper_parameters,ROS,none,0.5,0.8816875,0.40987487318227933,0.8911764705882353,0.561501042390549,0.8808060109289617,0.8859912407585986,0.9627383930006429,0.817984926505858,,,,,,,,,1212,1745,12895,148,0.6029880669993872,0.0009426690012332983,ok,
1572dee8d54e,E1:cv:SGD:seed4:fold1,2026-09-30T11:43:16+00:00,E1,cv_fold,4,1,paper_faithful,SGD,paper_parameters,ROS,none,0.5,0.8173125,0.30698938009385035,0.9139705882352941,0.45960436309853947,0.8083333333333333,0.8611519607843137,0.9514763389987142,0.7760914303717591,,,,,,,,,1243,2806,11834,117,0.14980878200003644,0.0013477600004989654,ok,
a167a4c0154d,E1:cv:XGBoost:seed4:fold1,2026-09-30T11:43:17+00:00,E1,cv_fold,4,1,paper_faithful,XGBoost,paper_parameters,ROS,none,0.5,0.911,0.4875872769588829,0.924264705882353,0.638395124428644,0.9097677595628415,0.9170162327225972,0.9798098481195757,0.8895221112183782,,,,,,,,,1257,1321,13319,103,0.31390612600080203,0.021280365001075552,ok,
759a4101186c,E1:cv:LogisticRegression:seed4:fold1,2026-09-30T11:43:17+00:00,E1,cv_fold,4,1,paper_faithful,LogisticRegression,paper_parameters,ROS,none,0.5,0.8849375,0.4165220409580007,0.8823529411764706,0.5659042678613535,0.8851775956284152,0.8837652684024428,0.9631606848682096,0.8225419643766864,,,,,,,,,1200,1681,12959,160,0.7216954570012604,0.0016360609988623764,ok,
8f7894653157,E1:cv:PAC:seed4:fold2,2026-09-30T11:43:18+00:00,E1,cv_fold,4,2,paper_faithful,PAC,paper_parameters,ROS,none,0.5,0.87575,0.39831606217616583,0.9044117647058824,0.5530575539568345,0.8730874316939891,0.8887495981999357,0.9604264354307297,0.7970425653480793,,,,,,,,,1230,1858,12782,130,0.29691726400051266,0.0010217910003120778,ok,
9afa8d16b01e,E1:cv:Ridge:seed4:fold2,2026-09-30T11:43:19+00:00,E1,cv_fold,4,2,paper_faithful,Ridge,paper_parameters,ROS,none,0.5,0.8831875,0.4134648078884733,0.8941176470588236,0.565449895373169,0.882172131147541,0.8881448891031822,0.9606811766714883,0.7975665729500785,,,,,,,,,1216,1725,12915,144,0.6067134799995983,0.0009419380003237166,ok,
09c658e65670,E1:cv:SGD:seed4:fold2,2026-09-30T11:43:19+00:00,E1,cv_fold,4,2,paper_faithful,SGD,paper_parameters,ROS,none,0.5,0.8614375,0.36916030534351146,0.8889705882352941,0.5216828478964401,0.858879781420765,0.8739251848280296,0.9525923889022823,0.7338935820410498,,,,,,,,,1209,2066,12574,151,0.1462007440004527,0.0009565860000293469,ok,
b22fc8c92c4a,E1:cv:XGBoost:seed4:fold2,2026-09-30T11:43:20+00:00,E1,cv_fold,4,2,paper_faithful,XGBoost,paper_parameters,ROS,none,0.5,0.90475,0.4695167286245353,0.9286764705882353,0.6237037037037036,0.9025273224043716,0.9156018964963035,0.9784778557939571,0.8853806127785172,,,,,,,,,1263,1427,13213,97,0.31201526099903276,0.022457764000137104,ok,
00a4fb347633,E1:cv:LogisticRegression:seed4:fold2,2026-09-30T11:43:20+00:00,E1,cv_fold,4,2,paper_faithful,LogisticRegression,paper_parameters,ROS,none,0.5,0.883875,0.4146675805346127,0.8897058823529411,0.565684899485741,0.8833333333333333,0.8865196078431372,0.9615712642639023,0.8052780794942669,,,,,,,,,1210,1708,12932,150,0.6782469320005475,0.0016585259982093703,ok,
6e9c4b2a4726,E1:cv:PAC:seed4:fold3,2026-09-30T11:43:21+00:00,E1,cv_fold,4,3,paper_faithful,PAC,paper_parameters,ROS,none,0.5,0.87625,0.39895697522816165,0.9,0.5528455284552846,0.8740437158469946,0.8870218579234973,0.9632054855753777,0.8106383110443682,,,,,,,,,1224,1844,12796,136,0.2901246549990901,0.0009946119989763247,ok,
955cbdbda19e,E1:cv:Ridge:seed4:fold3,2026-09-30T11:43:22+00:00,E1,cv_fold,4,3,paper_faithful,Ridge,paper_parameters,ROS,none,0.5,0.8838125,0.4145255224391915,0.8897058823529411,0.5655526992287918,0.8832650273224044,0.8864854548376728,0.9637314920845387,0.8111840675553178,,,,,,,,,1210,1709,12931,150,0.6935678029985866,0.0012271089999558171,ok,
f7f5a1d09716,E1:cv:SGD:seed4:fold3,2026-09-30T11:43:23+00:00,E1,cv_fold,4,3,paper_faithful,SGD,paper_parameters,ROS,none,0.5,0.7956875,0.28622620380739083,0.9397058823529412,0.4387982832618026,0.7823087431693989,0.86100731276117,0.9520570907666345,0.7506121334519165,,,,,,,,,1278,3187,11453,82,0.18822964199898706,0.0013301529997988837,ok,
f898dfb4b03a,E1:cv:XGBoost:seed4:fold3,2026-09-30T11:43:23+00:00,E1,cv_fold,4,3,paper_faithful,XGBoost,paper_parameters,ROS,none,0.5,0.9088125,0.4811284788410217,0.9279411764705883,0.6336931960833543,0.907035519125683,0.9174883477981357,0.9804404984329796,0.8960802422921094,,,,,,,,,1262,1361,13279,98,0.29086516899951675,0.019564088999686646,ok,
f5f69da12020,E1:cv:LogisticRegression:seed4:fold3,2026-09-30T11:43:23+00:00,E1,cv_fold,4,3,paper_faithful,LogisticRegression,paper_parameters,ROS,none,0.5,0.885625,0.418853591160221,0.8919117647058824,0.5700187969924813,0.8850409836065574,0.8884763741562198,0.9649323218016717,0.8215564183621362,,,,,,,,,1213,1683,12957,147,0.49853450100090413,0.008506516000124975,ok,
407b4d405519,E1:cv:PAC:seed4:fold4,2026-09-30T11:43:24+00:00,E1,cv_fold,4,4,paper_faithful,PAC,paper_parameters,ROS,none,0.5,0.8788049253078317,0.40366056572379366,0.8919117647058824,0.5557846506300115,0.8775872668898149,0.8847495157978487,0.960876641967669,0.7991637625352366,,,,,,,,,1213,1792,12847,147,0.2437992220002343,0.0009302340004069265,ok,
a3550db43552,E1:cv:Ridge:seed4:fold4,2026-09-30T11:43:25+00:00,E1,cv_fold,4,4,paper_faithful,Ridge,paper_parameters,ROS,none,0.5,0.8843052690793175,0.41490467937608316,0.8801470588235294,0.5639575971731449,0.884691577293531,0.8824193180585302,0.9610158752004117,0.7991665237783575,,,,,,,,,1197,1688,12951,163,0.6467076300014014,0.0009008130000438541,ok,
2f05660b7121,E1:cv:SGD:seed4:fold4,2026-09-30T11:43:26+00:00,E1,cv_fold,4,4,paper_faithful,SGD,paper_parameters,ROS,none,0.5,0.8390524407775486,0.3361208524413272,0.9161764705882353,0.49180974935859484,0.8318874240043719,0.8740319472963036,0.9544867306510009,0.7661735285780914,,,,,,,,,1246,2461,12178,114,0.14031495899871516,0.001006626000162214,ok,
4e587290e73f,E1:cv:XGBoost:seed4:fold4,2026-09-30T11:43:26+00:00,E1,cv_fold,4,4,paper_faithful,XGBoost,paper_parameters,ROS,none,0.5,0.9091818238639915,0.48217707934074355,0.925,0.6339128243890149,0.9077122754286495,0.9163561377143248,0.9796222469792617,0.8886467473602495,,,,,,,,,1258,1351,13288,102,0.2823184760000004,0.02000250099990808,ok,
213cbca54aae,E1:cv:LogisticRegression:seed4:fold4,2026-09-30T11:43:26+00:00,E1,cv_fold,4,4,paper_faithful,LogisticRegression,paper_parameters,ROS,none,0.5,0.885305331583224,0.41675429372590256,0.8742647058823529,0.5644433895086637,0.8863310335405424,0.8802978697114476,0.9617199774574766,0.8069977829011711,,,,,,,,,1189,1664,12975,171,0.5139375910002855,0.0015790109991939971,ok,
da24cb9ebe52,E1:cv_summary:PaRSEL:accuracy,2026-09-30T11:43:27+00:00,E1,cv_summary,42,,paper_faithful,PaRSEL,mean_of_fold_metric_by_seed,,none,0.5,0.9672287419005355,,,,,,,,,,,0.9672287419005355,0.0008338813260976191,0.965157265851252,0.969300217949819,accuracy,,,,,,,ok,
d55a49d3cc7d,E1:cv_summary:PaRSEL:precision,2026-09-30T11:43:27+00:00,E1,cv_summary,42,,paper_faithful,PaRSEL,mean_of_fold_metric_by_seed,,none,0.5,,0.8935411783806728,,,,,,,,,,0.8935411783806728,0.006741346653129437,0.8767947449316521,0.9102876118296935,precision,,,,,,,ok,
5f0a8ca3c536,E1:cv_summary:PaRSEL:recall,2026-09-30T11:43:27+00:00,E1,cv_summary,42,,paper_faithful,PaRSEL,mean_of_fold_metric_by_seed,,none,0.5,,,0.6981372549019608,,,,,,,,,0.6981372549019608,0.004055020952477215,0.6880640244319743,0.7082104853719472,recall,,,,,,,ok,
9714c0168fe1,E1:cv_summary:PaRSEL:f1,2026-09-30T11:43:27+00:00,E1,cv_summary,42,,paper_faithful,PaRSEL,mean_of_fold_metric_by_seed,,none,0.5,,,,0.783609175070158,,,,,,,,0.783609175070158,0.005202225952734573,0.7706861293959238,0.7965322207443922,f1,,,,,,,ok,
90a1383f8db7,E1:cv_summary:PaRSEL:specificity,2026-09-30T11:43:27+00:00,E1,cv_summary,42,,paper_faithful,PaRSEL,mean_of_fold_metric_by_seed,,none,0.5,,,,,0.9922266708150782,,,,,,,0.9922266708150782,0.0005421519250644646,0.9908798907725276,0.9935734508576288,specificity,,,,,,,ok,
92d293e51059,E1:cv_summary:PaRSEL:balanced_accuracy,2026-09-30T11:43:27+00:00,E1,cv_summary,42,,paper_faithful,PaRSEL,mean_of_fold_metric_by_seed,,none,0.5,,,,,,0.8451819628585197,,,,,,0.8451819628585197,0.0022905282305419965,0.8394919753012016,0.8508719504158377,balanced_accuracy,,,,,,,ok,
d5c178b38b53,E1:cv_summary:PaRSEL:roc_auc,2026-09-30T11:43:27+00:00,E1,cv_summary,42,,paper_faithful,PaRSEL,mean_of_fold_metric_by_seed,,none,0.5,,,,,,,0.9740935354034548,,,,,0.9740935354034548,0.00044112982475320324,0.9729977081700075,0.975189362636902,roc_auc,,,,,,,ok,
46ab2c9990e8,E1:cv_summary:PaRSEL:pr_auc,2026-09-30T11:43:27+00:00,E1,cv_summary,42,,paper_faithful,PaRSEL,mean_of_fold_metric_by_seed,,none,0.5,,,,,,,,0.8479516993584088,,,,0.8479516993584088,0.0011906898108570664,0.8449938618962618,0.8509095368205557,pr_auc,,,,,,,ok,
8f2da50f802e,E1:cv_summary:PAC:accuracy,2026-09-30T11:43:27+00:00,E1,cv_summary,42,,paper_faithful,PAC,mean_of_fold_metric_by_seed,,none,0.5,0.8773959595912244,,,,,,,,,,,0.8773959595912244,0.000396705996421301,0.8769033840375965,0.8778885351448523,accuracy,,,,,,,ok,
4dd1d89ab483,E1:cv_summary:PAC:precision,2026-09-30T11:43:27+00:00,E1,cv_summary,42,,paper_faithful,PAC,mean_of_fold_metric_by_seed,,none,0.5,,0.4009634765922768,,,,,,,,,,0.4009634765922768,0.0007953849303088772,0.3999758757595985,0.40195107742495517,precision,,,,,,,ok,
79cafbba2da1,E1:cv_summary:PAC:recall,2026-09-30T11:43:27+00:00,E1,cv_summary,42,,paper_faithful,PAC,mean_of_fold_metric_by_seed,,none,0.5,,,0.8948529411764705,,,,,,,,,0.8948529411764705,0.0009005476995526448,0.8937347635192707,0.8959711188336703,recall,,,,,,,ok,
302ada635c90,E1:cv_summary:PAC:f1,2026-09-30T11:43:27+00:00,E1,cv_summary,42,,paper_faithful,PAC,mean_of_fold_metric_by_seed,,none,0.5,,,,0.5537628874216817,,,,,,,,0.5537628874216817,0.0007333864151624318,0.5528522679132027,0.5546735069301606,f1,,,,,,,ok,
f936284eda1f,E1:cv_summary:PAC:specificity,2026-09-30T11:43:27+00:00,E1,cv_summary,42,,paper_faithful,PAC,mean_of_fold_metric_by_seed,,none,0.5,,,,,0.8757742522500529,,,,,,,0.8757742522500529,0.0004697072370940391,0.8751910336840575,0.8763574708160483,specificity,,,,,,,ok,
d63e9091179c,E1:cv_summary:PAC:balanced_accuracy,2026-09-30T11:43:27+00:00,E1,cv_summary,42,,paper_faithful,PAC,mean_of_fold_metric_by_seed,,none,0.5,,,,,,0.8853135967132617,,,,,,0.8853135967132617,0.00038883011472024405,0.8848308003583961,0.8857963930681273,balanced_accuracy,,,,,,,ok,
67353e447c51,E1:cv_summary:PAC:roc_auc,2026-09-30T11:43:27+00:00,E1,cv_summary,42,,paper_faithful,PAC,mean_of_fold_metric_by_seed,,none,0.5,,,,,,,0.961052894808897,,,,,0.961052894808897,6.050916538257818e-05,0.9609777627566801,0.9611280268611139,roc_auc,,,,,,,ok,
c801d1ed8347,E1:cv_summary:PAC:pr_auc,2026-09-30T11:43:27+00:00,E1,cv_summary,42,,paper_faithful,PAC,mean_of_fold_metric_by_seed,,none,0.5,,,,,,,,0.8038216120776422,,,,0.8038216120776422,0.0001250400420708315,0.803666354359069,0.8039768697962155,pr_auc,,,,,,,ok,
4de3891ca816,E1:cv_summary:Ridge:accuracy,2026-09-30T11:43:27+00:00,E1,cv_summary,42,,paper_faithful,Ridge,mean_of_fold_metric_by_seed,,none,0.5,0.8828785178761172,,,,,,,,,,,0.8828785178761172,0.000272671822823379,0.8825399510903927,0.8832170846618416,accuracy,,,,,,,ok,
9acdce1109bb,E1:cv_summary:Ridge:precision,2026-09-30T11:43:27+00:00,E1,cv_summary,42,,paper_faithful,Ridge,mean_of_fold_metric_by_seed,,none,0.5,,0.41221987813256195,,,,,,,,,,0.41221987813256195,0.0005878358318013684,0.41148998354336,0.41294977272176386,precision,,,,,,,ok,
ddc8226c5644,E1:cv_summary:Ridge:recall,2026-09-30T11:43:27+00:00,E1,cv_summary,42,,paper_faithful,Ridge,mean_of_fold_metric_by_seed,,none,0.5,,,0.8867352941176471,,,,,,,,,0.8867352941176471,0.0007527343465922921,0.885800650979272,0.8876699372560222,recall,,,,,,,ok,
479ed9908d91,E1:cv_summary:Ridge:f1,2026-09-30T11:43:27+00:00,E1,cv_summary,42,,paper_faithful,Ridge,mean_of_fold_metric_by_seed,,none,0.5,,,,0.5627858345934835,,,,,,,,0.5627858345934835,0.0005359103026024058,0.5621204140644757,0.5634512551224914,f1,,,,,,,ok,
729b571b6e43,E1:cv_summary:Ridge:specificity,2026-09-30T11:43:27+00:00,E1,cv_summary,42,,paper_faithful,Ridge,mean_of_fold_metric_by_seed,,none,0.5,,,,,0.8825202365714461,,,,,,,0.8825202365714461,0.0003303815992621331,0.8821100136339733,0.8829304595089188,specificity,,,,,,,ok,
a5a4e556b608,E1:cv_summary:Ridge:balanced_accuracy,2026-09-30T11:43:27+00:00,E1,cv_summary,42,,paper_faithful,Ridge,mean_of_fold_metric_by_seed,,none,0.5,,,,,,0.8846277653445467,,,,,,0.8846277653445467,0.00031785131981711584,0.8842331008039482,0.8850224298851451,balanced_accuracy,,,,,,,ok,
c1b35e44bb46,E1:cv_summary:Ridge:roc_auc,2026-09-30T11:43:27+00:00,E1,cv_summary,42,,paper_faithful,Ridge,mean_of_fold_metric_by_seed,,none,0.5,,,,,,,0.9611088583226237,,,,,0.9611088583226237,3.704060410703522e-05,0.9610628663380323,0.9611548503072151,roc_auc,,,,,,,ok,
e273b95f4222,E1:cv_summary:Ridge:pr_auc,2026-09-30T11:43:27+00:00,E1,cv_summary,42,,paper_faithful,Ridge,mean_of_fold_metric_by_seed,,none,0.5,,,,,,,,0.8039452666746081,,,,0.8039452666746081,0.00012163972436348016,0.8037942310081145,0.8040963023411016,pr_auc,,,,,,,ok,
62cfb3282862,E1:cv_summary:SGD:accuracy,2026-09-30T11:43:27+00:00,E1,cv_summary,42,,paper_faithful,SGD,mean_of_fold_metric_by_seed,,none,0.5,0.8495282328583038,,,,,,,,,,,0.8495282328583038,0.03699584639279394,0.8035918223092949,0.8954646434073127,accuracy,,,,,,,ok,
9cd8a9de595b,E1:cv_summary:SGD:precision,2026-09-30T11:43:27+00:00,E1,cv_summary,42,,paper_faithful,SGD,mean_of_fold_metric_by_seed,,none,0.5,,0.38916720322723886,,,,,,,,,,0.38916720322723886,0.07885227586923656,0.2912591711039764,0.4870752353505013,precision,,,,,,,ok,
21a13eb4c4f0,E1:cv_summary:SGD:recall,2026-09-30T11:43:27+00:00,E1,cv_summary,42,,paper_faithful,SGD,mean_of_fold_metric_by_seed,,none,0.5,,,0.8568823529411764,,,,,,,,,0.8568823529411764,0.07390509906508527,0.7651170521483773,0.9486476537339755,recall,,,,,,,ok,
ed6009032498,E1:cv_summary:SGD:f1,2026-09-30T11:43:27+00:00,E1,cv_summary,42,,paper_faithful,SGD,mean_of_fold_metric_by_seed,,none,0.5,,,,0.5146962777215498,,,,,,,,0.5146962777215498,0.048233090995722205,0.4548069851100754,0.5745855703330243,f1,,,,,,,ok,
7b29d2c28dbe,E1:cv_summary:SGD:specificity,2026-09-30T11:43:27+00:00,E1,cv_summary,42,,paper_faithful,SGD,mean_of_fold_metric_by_seed,,none,0.5,,,,,0.84884510460679,,,,,,,0.84884510460679,0.04720513186611751,0.7902321918381706,0.9074580173754093,specificity,,,,,,,ok,
11697a7ded0e,E1:cv_summary:SGD:balanced_accuracy,2026-09-30T11:43:27+00:00,E1,cv_summary,42,,paper_faithful,SGD,mean_of_fold_metric_by_seed,,none,0.5,,,,,,0.8528637287739832,,,,,,0.8528637287739832,0.014088595768041123,0.8353704266235606,0.8703570309244058,balanced_accuracy,,,,,,,ok,
bdb50b319b0c,E1:cv_summary:SGD:roc_auc,2026-09-30T11:43:27+00:00,E1,cv_summary,42,,paper_faithful,SGD,mean_of_fold_metric_by_seed,,none,0.5,,,,,,,0.9479090052742937,,,,,0.9479090052742937,0.006551867119659499,0.9397737877507975,0.9560442227977899,roc_auc,,,,,,,ok,
54d7b8255356,E1:cv_summary:SGD:pr_auc,2026-09-30T11:43:27+00:00,E1,cv_summary,42,,paper_faithful,SGD,mean_of_fold_metric_by_seed,,none,0.5,,,,,,,,0.7438238998173252,,,,0.7438238998173252,0.018531619798314313,0.7208138546853582,0.7668339449492922,pr_auc,,,,,,,ok,
91ff86ae6cd2,E1:cv_summary:XGBoost:accuracy,2026-09-30T11:43:27+00:00,E1,cv_summary,42,,paper_faithful,XGBoost,mean_of_fold_metric_by_seed,,none,0.5,0.9082463532095757,,,,,,,,,,,0.9082463532095757,0.0009402234980402369,0.9070789115417939,0.9094137948773575,accuracy,,,,,,,ok,
6262fbdcbd5a,E1:cv_summary:XGBoost:precision,2026-09-30T11:43:27+00:00,E1,cv_summary,42,,paper_faithful,XGBoost,mean_of_fold_metric_by_seed,,none,0.5,,0.47942498472808526,,,,,,,,,,0.47942498472808526,0.0026919144481997834,0.47608253147151103,0.4827674379846595,precision,,,,,,,ok,
40af011d1249,E1:cv_summary:XGBoost:recall,2026-09-30T11:43:27+00:00,E1,cv_summary,42,,paper_faithful,XGBoost,mean_of_fold_metric_by_seed,,none,0.5,,,0.9203235294117647,,,,,,,,,0.9203235294117647,0.0006186965872930087,0.9195553161335114,0.9210917426900179,recall,,,,,,,ok,
67b66b1f9fd4,E1:cv_summary:XGBoost:f1,2026-09-30T11:43:27+00:00,E1,cv_summary,42,,paper_faithful,XGBoost,mean_of_fold_metric_by_seed,,none,0.5,,,,0.6303949718252267,,,,,,,,0.6303949718252267,0.0023973504106819302,0.627418268129204,0.6333716755212495,f1,,,,,,,ok,
9caa0742a5ad,E1:cv_summary:XGBoost:specificity,2026-09-30T11:43:27+00:00,E1,cv_summary,42,,paper_faithful,XGBoost,mean_of_fold_metric_by_seed,,none,0.5,,,,,0.9071244124068614,,,,,,,0.9071244124068614,0.0010105453549039964,0.905869654621125,0.9083791701925977,specificity,,,,,,,ok,
a9345038ad1c,E1:cv_summary:XGBoost:balanced_accuracy,2026-09-30T11:43:27+00:00,E1,cv_summary,42,,paper_faithful,XGBoost,mean_of_fold_metric_by_seed,,none,0.5,,,,,,0.913723970909313,,,,,,0.913723970909313,0.0006599114130051227,0.9129045826657808,0.9145433591528452,balanced_accuracy,,,,,,,ok,
aa917022cf92,E1:cv_summary:XGBoost:roc_auc,2026-09-30T11:43:27+00:00,E1,cv_summary,42,,paper_faithful,XGBoost,mean_of_fold_metric_by_seed,,none,0.5,,,,,,,0.9783679710851592,,,,,0.9783679710851592,7.640637996834127e-05,0.9782731000339194,0.9784628421363989,roc_auc,,,,,,,ok,
0a0cd60b7ad9,E1:cv_summary:XGBoost:pr_auc,2026-09-30T11:43:27+00:00,E1,cv_summary,42,,paper_faithful,XGBoost,mean_of_fold_metric_by_seed,,none,0.5,,,,,,,,0.8849585143578244,,,,0.8849585143578244,0.0002646271144616917,0.8846299363968487,0.8852870923188,pr_auc,,,,,,,ok,
21a7fdeb2c0d,E1:cv_summary:LogisticRegression:accuracy,2026-09-30T11:43:27+00:00,E1,cv_summary,42,,paper_faithful,LogisticRegression,mean_of_fold_metric_by_seed,,none,0.5,0.8851435480342522,,,,,,,,,,,0.8851435480342522,0.000415753036472913,0.8846273224567199,0.8856597736117845,accuracy,,,,,,,ok,
186a514771d0,E1:cv_summary:LogisticRegression:precision,2026-09-30T11:43:27+00:00,E1,cv_summary,42,,paper_faithful,LogisticRegression,mean_of_fold_metric_by_seed,,none,0.5,,0.4171273892488955,,,,,,,,,,0.4171273892488955,0.0009079077000120747,0.4160000729440985,0.41825470555369243,precision,,,,,,,ok,
4e1b5be89904,E1:cv_summary:LogisticRegression:recall,2026-09-30T11:43:27+00:00,E1,cv_summary,42,,paper_faithful,LogisticRegression,mean_of_fold_metric_by_seed,,none,0.5,,,0.8833823529411765,,,,,,,,,0.8833823529411765,0.0009242503742629525,0.8822347445261278,0.8845299613562252,recall,,,,,,,ok,
d3c0dc1485b7,E1:cv_summary:LogisticRegression:f1,2026-09-30T11:43:28+00:00,E1,cv_summary,42,,paper_faithful,LogisticRegression,mean_of_fold_metric_by_seed,,none,0.5,,,,0.5666557674022279,,,,,,,,0.5666557674022279,0.000725404789287601,0.5657550583912448,0.5675564764132109,f1,,,,,,,ok,
3856d309c789,E1:cv_summary:LogisticRegression:specificity,2026-09-30T11:43:28+00:00,E1,cv_summary,42,,paper_faithful,LogisticRegression,mean_of_fold_metric_by_seed,,none,0.5,,,,,0.8853071589589453,,,,,,,0.8853071589589453,0.0005199803265728242,0.8846615181076656,0.885952799810225,specificity,,,,,,,ok,
6ab244b4f670,E1:cv_summary:LogisticRegression:balanced_accuracy,2026-09-30T11:43:28+00:00,E1,cv_summary,42,,paper_faithful,LogisticRegression,mean_of_fold_metric_by_seed,,none,0.5,,,,,,0.8843447559500607,,,,,,0.8843447559500607,0.00029881702090941525,0.8839737256131469,0.8847157862869744,balanced_accuracy,,,,,,,ok,
a0b5c156231f,E1:cv_summary:LogisticRegression:roc_auc,2026-09-30T11:43:28+00:00,E1,cv_summary,42,,paper_faithful,LogisticRegression,mean_of_fold_metric_by_seed,,none,0.5,,,,,,,0.9618892822230366,,,,,0.9618892822230366,5.201162548750827e-05,0.9618247012601807,0.9619538631858925,roc_auc,,,,,,,ok,
b9b0bb31af24,E1:cv_summary:LogisticRegression:pr_auc,2026-09-30T11:43:28+00:00,E1,cv_summary,42,,paper_faithful,LogisticRegression,mean_of_fold_metric_by_seed,,none,0.5,,,,,,,,0.8112824470835914,,,,0.8112824470835914,0.00011898757744584973,0.8111347044924434,0.8114301896747395,pr_auc,,,,,,,ok,
359b6e1559d1,E1:holdout:PAC,2026-09-30T11:43:28+00:00,E1,paired_test,42,,paper_faithful,PAC,paper_parameters,ROS,none,0.5,0.88025598720064,0.4059539918809202,0.8823529411764706,0.5560704355885079,0.8800611988415934,0.881207070009032,0.9562987236313027,0.7884675729796131,,1.2737848645655497e-200,0.006658835570241868,,,,,,1500,2195,16106,200,0.3594300099994143,0.00111411200123257,ok,
ce03a9595ad9,E1:holdout:Ridge,2026-09-30T11:43:28+00:00,E1,paired_test,42,,paper_faithful,Ridge,paper_parameters,ROS,none,0.5,0.8839558022098895,0.41353383458646614,0.8735294117647059,0.5613305613305614,0.8849243210753511,0.8792268664200285,0.9564409530819595,0.7872343220976806,,6.30773710172597e-188,0.008639895467250752,,,,,,1485,2106,16195,215,0.809890242999245,0.0010168030003114836,ok,
cd731920bc57,E1:holdout:SGD,2026-09-30T11:43:29+00:00,E1,paired_test,42,,paper_faithful,SGD,paper_parameters,ROS,none,0.5,0.8521573921303934,0.3529136438099696,0.8870588235294118,0.5049388916792231,0.8489153598164034,0.8679870916729076,0.9415095928541353,0.6377508110244005,,5.267e-321,2.416472336571402e-27,,,,,,1508,2765,15536,192,0.17792547400131298,0.0010174500002904097,ok,
b1cad69fbadf,E1:holdout:XGBoost,2026-09-30T11:43:30+00:00,E1,paired_test,42,,paper_faithful,XGBoost,paper_parameters,ROS,none,0.5,0.9074546272686366,0.4765891472868217,0.9041176470588236,0.6241624365482233,0.907764603027157,0.9059411250429903,0.9742814921717552,0.8733694198304429,,1.438538579221072e-99,3.03464555762779e-44,,,,,,1537,1688,16613,163,0.3750265170001512,0.02652512900021975,ok,
2d3c1412f227,E1:holdout:LogisticRegression,2026-09-30T11:43:30+00:00,E1,paired_test,42,,paper_faithful,LogisticRegression,paper_parameters,ROS,none,0.5,0.8860056997150142,0.4178004535147392,0.8670588235294118,0.5638867635807192,0.887765695863614,0.8774122596965128,0.9570808088275471,0.7949492818155915,,9.490475833348114e-181,0.025980543855391922,,,,,,1474,2054,16247,226,0.7727348570006143,0.0019293450004624901,ok,
fdf72844a3f9,E2:validation_scores:PaRSEL:ROS:none,2026-09-30T11:49:37+00:00,E2,validation_scores,42,,paper_faithful,PaRSEL,,ROS,none,0.5,,,,,,,,,,,,,,,,,,,,,,,ok,
7e8cec05669b,E2:final_test_scores:PaRSEL:ROS:none,2026-09-30T11:51:59+00:00,E2,fixed_test_scores,42,,paper_faithful,PaRSEL,,ROS,none,0.5,,,,,,,,,,,,,,,,,,,,,,,ok,
84c428f292b9,E2:threshold:max_f1:PaRSEL,2026-09-30T11:51:59+00:00,E2,run,42,,paper_faithful,PaRSEL,max_f1,ROS,none,0.6139369481809598,0.9554522273886306,0.7645519947678221,0.6876470588235294,0.7240631774543203,0.9803289437735643,0.8339880012985468,0.9607418109585784,0.6470485788038713,0.03889447910676999,,,,,,,,1169,360,17941,531,0.0,0.0,ok,
364715145b98,E2:threshold:recall_at_least_0.90:PaRSEL,2026-09-30T11:51:59+00:00,E2,run,42,,paper_faithful,PaRSEL,recall_at_least_0.90,ROS,none,0.0815567216937392,0.9036048197590121,0.46492307692307694,0.8888235294117647,0.6105050505050506,0.9049778700617452,0.896900699736755,0.9607418109585784,0.6470485788038713,0.03889447910676999,,,,,,,,1511,1739,16562,189,0.0,0.0,ok,
8a5e2f60c115,E2:threshold:default_0.50:PaRSEL,2026-10-05T05:41:04+00:00,E2,threshold,42,,paper_faithful,PaRSEL,default_0.50,ROS,none,0.5,0.9544022798860057,0.7471769134253451,0.7005882352941176,0.7231329690346083,0.9779793453909622,0.8392837903425399,0.9607418109585784,0.6470485788038713,0.03889447910676999,,,,,,,,1191,403,17898,509,0.0,0.0,ok,
4957266096e1,E4:cache:seed0,2026-10-05T05:49:51+00:00,E4,base_oof_cache,0,,paper_faithful,PaRSEL_base_layer,shared_cache,ROS,none,0.5,,,,,,,,,,,,,,,,,,,,,,,ok,
5d3c134d9cf0,E4:cache:seed1,2026-10-05T05:50:07+00:00,E4,base_oof_cache,1,,paper_faithful,PaRSEL_base_layer,shared_cache,ROS,none,0.5,,,,,,,,,,,,,,,,,,,,,,,ok,
43207872ea59,E4:cache:seed2,2026-10-05T05:50:22+00:00,E4,base_oof_cache,2,,paper_faithful,PaRSEL_base_layer,shared_cache,ROS,none,0.5,,,,,,,,,,,,,,,,,,,,,,,ok,
2aebc2ed7372,E4:cv:LogitBoost_style:seed0,2026-10-05T05:50:22+00:00,E4,cv_summary,0,,paper_faithful,LogitBoost_style,shared_oof_base_scores,ROS,none,0.5,0.9717871473393418,0.9669064748201439,0.691764705882353,0.8065152164594942,0.9978005164004973,0.8447826111414252,0.9816248584639938,0.8930115099311589,,,,,,,,,4704,161,73038,2096,0.0,0.0,ok,
bc48a75d80c4,E4:cv:LogisticRegression:seed0,2026-10-05T05:50:41+00:00,E4,cv_summary,0,,paper_faithful,LogisticRegression,shared_oof_base_scores,ROS,none,0.5,0.9664620807760097,0.8437134747036233,0.7430882352941176,0.7902103370083665,0.9872129400674873,0.8651505876808024,0.9775219456148148,0.8798518552336861,,,,,,,,,5053,936,72263,1747,0.0,0.0,ok,
ecd6e9575ed1,E4:cv:WeightedAverage:seed0,2026-10-05T05:50:41+00:00,E4,cv_summary,0,,paper_faithful,WeightedAverage,shared_oof_base_scores,ROS,none,0.5,0.9549244365554569,0.7410929951690821,0.7219117647058824,0.7313766388557806,0.9765707181792102,0.8492412414425463,0.9664577977600144,0.8253416290875899,,,,,,,,,4909,1715,71484,1891,0.0,0.0,ok,
a58001e14115,E4:cv:LogitBoost_style:seed1,2026-10-05T05:50:42+00:00,E4,cv_summary,1,,paper_faithful,LogitBoost_style,shared_oof_base_scores,ROS,none,0.5,0.9714996437455469,0.9612244897959183,0.6926470588235294,0.8051282051282052,0.9974043361248105,0.8450256974741699,0.9808208013529599,0.8898168337987143,,,,,,,,,4710,190,73009,2090,0.0,0.0,ok,
1a0110e93f2c,E4:cv:LogisticRegression:seed1,2026-10-05T05:51:00+00:00,E4,cv_summary,1,,paper_faithful,LogisticRegression,shared_oof_base_scores,ROS,none,0.5,0.9666870835885448,0.8453315516953399,0.7442647058823529,0.7915852037225307,0.9873495539556552,0.865807129919004,0.9774285408913493,0.8797541753642429,,,,,,,,,5061,926,72273,1739,0.0,0.0,ok,
e8f1c4f30bd3,E4:cv:WeightedAverage:seed1,2026-10-05T05:51:00+00:00,E4,cv_summary,1,,paper_faithful,WeightedAverage,shared_oof_base_scores,ROS,none,0.5,0.9548119351491894,0.7387198321091291,0.7247058823529412,0.7316457575532626,0.97618819929234,0.8504470408226406,0.9665420493529726,0.8254281820614202,,,,,,,,,4928,1743,71456,1872,0.0,0.0,ok,
e5dbac5552f9,E4:cv:LogitBoost_style:seed2,2026-10-05T05:51:00+00:00,E4,cv_summary,2,,paper_faithful,LogitBoost_style,shared_oof_base_scores,ROS,none,0.5,0.9719746496831211,0.9641547861507128,0.6961764705882353,0.8085397096498719,0.9975955955682455,0.8468860330782404,0.9814895263355413,0.896389993900358,,,,,,,,,4734,176,73023,2066,0.0,0.0,ok,
5d0184eb13f3,E4:cv:LogisticRegression:seed2,2026-10-05T05:51:19+00:00,E4,cv_summary,2,,paper_faithful,LogisticRegression,shared_oof_base_scores,ROS,none,0.5,0.9664870810885136,0.8435362802335279,0.7436764705882353,0.7904650254005471,0.9871856172898537,0.8654310439390445,0.977538545206741,0.8800633052267948,,,,,,,,,5057,938,72261,1743,0.0,0.0,ok,
63cff932386f,E4:cv:WeightedAverage:seed2,2026-10-05T05:51:19+00:00,E4,cv_summary,2,,paper_faithful,WeightedAverage,shared_oof_base_scores,ROS,none,0.5,0.9546994337429218,0.7374401913875598,0.7252941176470589,0.7313167259786477,0.9760106012377219,0.8506523594423904,0.9665099531253641,0.8253511671248707,,,,,,,,,4932,1756,71443,1868,0.0,0.0,ok,
6f04aac307b6,E4:paired_test:LogitBoost_style,2026-10-05T05:52:38+00:00,E4,paired_test,42,,paper_faithful,LogitBoost_style,shared_final_base_scores,ROS,none,0.5,0.968151592420379,0.9470142977291842,0.6623529411764706,0.7795084804430599,0.9965575651603737,0.8294552531684222,0.9739309809492892,0.8514888229120555,,9.595507751406844e-40,6.494651083736462e-37,,,,,,1126,63,18238,574,0.0,0.0,ok,
68a69abc51c2,E4:paired_test:LogisticRegression,2026-10-05T05:52:55+00:00,E4,paired_test,42,,paper_faithful,LogisticRegression,shared_final_base_scores,ROS,none,0.5,0.9646517674116294,0.8347943358057991,0.7282352941176471,0.7778825007854225,0.9866127534014535,0.8574240237595503,0.973569107441895,0.8670744364027645,,1.133218923564737e-19,7.453745758799139e-35,,,,,,1238,245,18056,462,0.0,0.0,ok,
c0915b229e38,E4:paired_test:WeightedAverage,2026-10-05T05:52:55+00:00,E4,paired_test,42,,paper_faithful,WeightedAverage,shared_final_base_scores,ROS,none,0.5,0.9530023498825059,0.7345679012345679,0.7,0.7168674698795181,0.9765040161739795,0.8382520080869897,0.9618242976115094,0.8090864771216812,,0.3299209928308904,0.45661440133400955,,,,,,1190,430,17871,510,0.0,0.0,ok,
